What is 68824 times 42716?,18962582,2939885984,3839424324,564059290599,9033448237,banana,house,B
What is 57363 times 35243?,192283343715,2021644209,2724984713,6781023648,85829223,banana,house,B
What is 34096 times 71994?,15109055,2454707424,269797249110,3480788274,9929297328,banana,house,B
What is 60864 times 31630?,1925128320,6641656111,7358682459,875694606937,90244313,banana,house,A
What is 90497 times 10034?,1369691,24176301033,566299074,846451389,908046898,banana,house,E
What is 76248 times 66840?,190625226636,2667341880,5096416320,64080098,6838662872,banana,house,C
What is 82892 times 34493?,2859193756,432562635016,7360049225,77466239,9963397256,banana,house,A
What is 38753 times 57322?,2019849612,2221399466,53187985,7808213992,856765501665,banana,house,B
What is 59469 times 35982?,2139813558,5055990915,667341325241,7836478846,87694017,banana,house,A
What is 99921 times 62990?,338078526207,6294023790,7334500909,8072897642,83211876,banana,house,B
What is 42812 times 51570?,2207814840,47549647,8127851667,854486182733,9415523281,banana,house,A
What is 32227 times 32615?,1051083605,5418018815,56053670,5952833428,952674311502,banana,house,A
What is 41536 times 17139?,111643346,16591494280,312762078,6866885,711885504,banana,house,E
What is 97014 times 82323?,380227773453,6876542303,7986483522,8632573164,94072891,banana,house,C
What is 47990 times 90885?,364339481872,41206842,4361571150,7518615118,9758245850,banana,house,C
What is 21199 times 89688?,1901295912,4878752889,5245723987,655951247358,70769092,banana,house,A
What is 37486 times 47821?,1792618006,188055179803,28479834,4478889315,5497187607,banana,house,A
What is 82995 times 21656?,1797339720,229251868590,3035081190,7404125991,99317826,banana,house,A
What is 10886 times 39610?,146664570,3927760,405469097,431194460,78360439762,banana,house,D
What is 38675 times 67246?,217088160493,2600739050,5578645435,6630286899,71069576,banana,house,B
What is 72092 times 92133?,106564705820,3634288099,6642052236,7450913292,95743156,banana,house,C
What is 12355 times 18148?,1257727,130355040,224218540,40452292062,907094907,banana,house,C
What is 41299 times 17730?,25983450063,3827162,732231270,994980275,999992405,banana,house,C
What is 46213 times 81768?,1034475778,22569857,3528740453,374436553235,3778744584,banana,house,E
What is 94218 times 84805?,1694345659,4778902256,611745334356,7990157490,87876113,banana,house,D
What is 74490 times 29301?,2182631490,60656174,6439863266,6536193982,667259952986,banana,house,A
What is 50665 times 65873?,3337455545,37696995,4558638435,4820322068,537709155764,banana,house,A
What is 53030 times 91400?,15972187,214205547785,4846942000,6624556451,8559933002,banana,house,C
What is 48207 times 77547?,3738308229,39901074,4237888620,4385937995,675281293254,banana,house,A
What is 27210 times 59266?,1612627860,28202094,4809252091,544000819014,6787652187,banana,house,A
What is 63926 times 99588?,5802545723,6366262488,77426292,799271465614,9705095926,banana,house,B
What is 65617 times 59391?,3897059247,567006121834,6820056477,82347008,8693376715,banana,house,A
What is 58648 times 88268?,334000122552,5176741664,68208254,7227355017,7287740296,banana,house,B
What is 97212 times 92137?,14562565,3177383022,7280829781,8956822044,996498686763,banana,house,D
What is 63933 times 78744?,1571692538,3039937426,364423664478,40061658,5034340152,banana,house,E
What is 46575 times 71292?,292066198845,3320424900,3968732915,8612091634,99159449,banana,house,B
What is 66885 times 75373?,43002029,5041323105,507761853064,5519152680,6745941283,banana,house,B
What is 44277 times 62774?,20919595,2543616795,2779444398,606690395016,9602908060,banana,house,C
What is 37539 times 27733?,1041069087,1286516063,1935678986,664067804251,95656230,banana,house,A
What is 67516 times 99186?,339472766982,6696641976,6783244504,7442128592,93013263,banana,house,B
What is 17229 times 77117?,1328648793,5431902122,6219622116,743093692696,90323172,banana,house,A
What is 18969 times 98120?,1861238280,2792856242,35289754,4119544987,828791476251,banana,house,A
What is 95095 times 20892?,188582210332,1986724740,2211336172,49406609,8614674110,banana,house,B
What is 83788 times 74495?,6241787060,693930705033,83276582,8945946007,9603045238,banana,house,A
What is 62035 times 73961?,1532772094,31254118,4588170635,771273948654,8315450978,banana,house,C
What is 79262 times 92737?,37117313,509836490127,6324076716,7350520094,7810716109,banana,house,D
What is 16162 times 90869?,1468624778,2076368273,2954871639,45701466,654097321863,banana,house,A
What is 89541 times 59733?,1243981785,43097026,508455868905,5348552553,8149956543,banana,house,D
What is 62184 times 65554?,2927672635,4076409936,658674842575,93174279,9860620676,banana,house,B
What is 70960 times 25567?,1814234320,2996159900,5326138590,54776626,773089287770,banana,house,A
What is 85008 times 88457?,186640115932,30112430,4824397863,5197527793,7519552656,banana,house,E
What is 41757 times 23714?,53088638951,696200191,725586067,7670460,990225498,banana,house,E
What is 14580 times 35008?,21312908108,2828477,435484551,510416640,513163822,banana,house,D
What is 72086 times 41184?,21810009,2268578598,2968789824,547874145746,8330391516,banana,house,C
What is 55278 times 57738?,3191641164,327029302086,43195266,5235178331,6583596880,banana,house,A
What is 54599 times 57733?,3152164067,3521173167,3661587320,553788549773,56834100,banana,house,A
What is 63237 times 35347?,2235238239,36817914,6138491132,663640132852,9690893903,banana,house,A
What is 64010 times 50334?,17315487,2429253095,3221879340,389027930113,7480983472,banana,house,C
What is 37366 times 52673?,1006184179,1968179318,551347941583,86055569,8746000308,banana,house,B
What is 57958 times 40278?,2334432324,2980111882,579538613422,62725224,7002724411,banana,house,A
What is 90390 times 65968?,169856534919,3684631260,37912517,5962847520,8209804020,banana,house,D
What is 50493 times 54849?,2769490557,46870422,5937940558,743261027054,9317219061,banana,house,A
What is 18497 times 99794?,119631181156,13289151,1845889618,6222992234,8819098033,banana,house,C
What is 97641 times 44797?,2190939923,331662916956,4250802537,4374023877,60817165,banana,house,D
What is 88456 times 30108?,192151796649,2563325923,2663233248,37441439,8438053796,banana,house,C
What is 16444 times 14527?,238881988,2739933,35192664378,421293516,763821833,banana,house,A
What is 66264 times 46735?,13472962,3096848040,7513089571,773162612839,8543442108,banana,house,B
What is 83520 times 22846?,1908097920,335616854580,3601367098,5368804704,61431167,banana,house,A
What is 41343 times 84258?,3483478494,3829589923,448438137631,5046355935,62483644,banana,house,A
What is 86353 times 38839?,26068986,3353864167,6846768209,7667549249,769633247505,banana,house,B
What is 32129 times 48414?,13569443,1555493406,1910151936,290815126409,4192289267,banana,house,B
What is 41324 times 79731?,2563601145,3294803844,6024947317,65624704,729186386041,banana,house,B
What is 21702 times 74691?,1620944082,2875666914,7228325496,75961815,991721840008,banana,house,A
What is 21191 times 22437?,251016319,3505468,41083300936,475462467,607180255,banana,house,D
What is 52764 times 84055?,1527722674,191080186172,4142432955,4435078020,58503103,banana,house,D
What is 58934 times 42405?,2499096270,28426213,442387737080,6807760811,8981132882,banana,house,A
What is 56405 times 93057?,2089572430,45763483,5248880085,593033785463,9710376747,banana,house,C
What is 97179 times 75067?,3364857485,7294935993,772876169877,81384856,8871022603,banana,house,B
What is 80550 times 32701?,2634065550,3793991983,48953379,522132723710,9922880637,banana,house,A
What is 81748 times 31108?,2543016784,27471367,5710532709,6130729356,635143872916,banana,house,A
What is 10512 times 37778?,397122336,563153174,5778850,661765403,98732924384,banana,house,A
What is 94101 times 67567?,254216015153,39219572,4077942976,4771621676,6358122267,banana,house,E
What is 28110 times 43056?,1210304160,2858846803,4114024234,62713087,922539688566,banana,house,A
What is 20301 times 30782?,2745296,369910566,465507688,54210711975,624905382,banana,house,E
What is 27874 times 78350?,2183927900,73997080,7620688175,771505986061,8635829113,banana,house,A
What is 10973 times 46375?,21581787272,377201740,508872875,5748505,599930516,banana,house,C
What is 68036 times 65608?,20463621,2340828506,4463705888,477972139585,6467874677,banana,house,C
What is 70062 times 86837?,2381860516,294205222940,4144464228,56948436,6083973894,banana,house,E
What is 85894 times 42338?,3636580172,3714673108,46053552,6446383567,691257042198,banana,house,A
What is 40400 times 46406?,10692608,1874802400,6880001734,704531647347,8416844680,banana,house,B
What is 95471 times 89124?,7225841108,76316975,8508757404,8770044572,886564380163,banana,house,C
What is 81269 times 25844?,13702916,2100316036,572066794616,8167462944,8489946422,banana,house,B
What is 65511 times 33321?,13526892,1744270008,2182892031,311745128683,4063222677,banana,house,C
What is 96426 times 68798?,32147889,5831460426,6633915948,668145797494,9272219298,banana,house,C
What is 42810 times 86607?,2845335547,3707645670,5151523694,56774119,854868073611,banana,house,B
What is 98917 times 41152?,4070632384,5319904248,83758707,8522534302,899437334612,banana,house,A
What is 16728 times 83357?,12862892,1394395896,3184914084,4673629009,622803034924,banana,house,B
What is 94065 times 75828?,14832798,1783615803,4666592948,491397685847,7132760820,banana,house,E
What is 33191 times 92066?,1493998908,1619315723,3055762606,844513271080,95256887,banana,house,C
What is 43977 times 74371?,1908727131,31047600,3270613467,3426237210,738998993953,banana,house,C
What is 27131 times 87002?,112982612547,21665279,2360451262,3491955912,6014486114,banana,house,C
What is 98154 times 31997?,3140633538,3256707374,54688897,6022429119,773402872633,banana,house,A
What is 97485 times 42852?,14556401,294270098863,4177427220,4987296064,6020121076,banana,house,C
What is 32378 times 49275?,137116407313,1595425950,73566438,8081535520,9801098884,banana,house,B
What is 11644 times 40536?,472001184,616652515,74871681345,929138745,9961608,banana,house,A
What is 23867 times 55502?,11812378,1324666234,2407730245,6556340206,660520080417,banana,house,B
What is 83667 times 86746?,191732529544,3473489351,53830786,7257777582,9804617558,banana,house,D
What is 34482 times 28388?,647850531,65475451902,793762371,7990181,978875016,banana,house,E
What is 15955 times 12822?,204575010,714758018,726399882,8662433,88553897356,banana,house,A
What is 46786 times 24364?,1139894104,1268197822,2898544655,64459588,653711822481,banana,house,A
What is 74008 times 42519?,3023930818,3146746152,8288100312,92365137,983359488218,banana,house,B
What is 96904 times 12803?,1240661912,4242010371,570624512439,5921993838,90825907,banana,house,A
What is 76340 times 46606?,28160873,3557902040,4264490376,6170114639,722709344838,banana,house,B
What is 99798 times 67879?,19986873,440742134046,6774188442,7995247531,8131208599,banana,house,C
What is 96135 times 34134?,157967808927,3082642801,3281472090,6592132070,97915786,banana,house,C
What is 15828 times 71306?,1128631368,5230050627,919070723998,96464447,9948398834,banana,house,A
What is 16171 times 40432?,302568614,4673313,493530726,653825872,93104745075,banana,house,D
What is 29470 times 24995?,4012185,45227301139,604881148,736602650,771642417,banana,house,D
What is 11442 times 54355?,2453863,54551064399,621929910,777890732,908848194,banana,house,C
What is 79871 times 81210?,399140439598,4991379250,6486323910,7158510019,98392146,banana,house,C
What is 97386 times 38999?,24752604,3797956614,473938320877,5537508831,7622712412,banana,house,B
What is 49832 times 29107?,1450460024,5287792666,753937932291,8756222350,92117065,banana,house,A
What is 25030 times 91783?,2297328490,25782988,325382109939,7788875273,8344243787,banana,house,A
What is 40510 times 61631?,2496671810,405458005462,7111941422,8104692060,83647545,banana,house,A
What is 39232 times 21559?,334078447,48230674187,845802688,8558992,947202739,banana,house,C
What is 13040 times 10080?,131443200,1974641,199693495,26709928578,851560087,banana,house,A
What is 24093 times 10629?,256084497,366305690,3761979,45137848310,540082769,banana,house,A
What is 45570 times 40828?,1860531960,2349641982,5977490327,767926861142,99392612,banana,house,A
What is 91969 times 96027?,222827966212,2399045150,3152177561,70415806,8831507163,banana,house,E
What is 55397 times 47355?,2623324935,335786091800,4394895935,4747419692,96095674,banana,house,A
What is 45352 times 58127?,1880131258,2171645618,2636175704,765920440226,80398854,banana,house,C
What is 19105 times 14385?,106164083,274825425,547105189,6467222,93325490778,banana,house,B
What is 80901 times 22240?,1799238240,21510470,4013002847,4844659842,617103614548,banana,house,A
What is 87214 times 32078?,16467218,2797650692,4006399848,479876780972,6947672357,banana,house,B
What is 10381 times 54141?,1454318,46209302686,562037721,705511006,979042711,banana,house,C
What is 12697 times 77619?,164621324,223834544,24806538957,7300007,985528443,banana,house,E
What is 17521 times 85395?,117600565340,1496205795,5744037684,59596879,7974370156,banana,house,B
What is 52734 times 89339?,4602926306,4711202826,54044951,7615573103,895492968419,banana,house,B
What is 75377 times 47919?,191002671369,3289145369,3611990463,7782695104,89718573,banana,house,C
What is 78843 times 57752?,44371181,4553340936,722273702822,8373655459,8433775001,banana,house,B
What is 42212 times 43523?,1837192876,664995669626,79418787,9240599615,9549424321,banana,house,A
What is 26280 times 10947?,287687160,603543390,7306432,774015498,98927469386,banana,house,A
What is 98031 times 41233?,1755212083,4042112223,72324150,787365778334,9937503865,banana,house,B
What is 38565 times 12998?,501267870,626701823,70647807887,773761870,9812089,banana,house,A
What is 65551 times 26853?,1760241003,226891680492,4085326555,6699682714,81281128,banana,house,A
What is 21122 times 94780?,2001943160,3792927651,66186781,697410065346,7184217927,banana,house,A
What is 13863 times 68962?,385709459,44904399141,6218689,639947294,956020206,banana,house,E
What is 60991 times 71380?,254373072793,4353537580,5171462995,5557383007,98376103,banana,house,B
What is 55247 times 89726?,3134405620,34645799,380627188826,4957092322,7061459665,banana,house,D
What is 49093 times 55883?,21773957,2743464119,532052603642,7635995795,8725781152,banana,house,B
What is 18357 times 43327?,1299269,47381969374,715950458,760650498,795353739,banana,house,E
What is 13676 times 87000?,1189812000,440593911226,5109601698,6732619584,96553522,banana,house,A
What is 84903 times 65414?,2606941700,372083447259,4557329315,5553844842,66506182,banana,house,D
What is 82306 times 90611?,541277977714,5501786315,62395160,7457828966,9163352705,banana,house,D
What is 73709 times 56743?,298846276448,4013219834,4182469787,8932160323,96471681,banana,house,C
What is 11848 times 41537?,211440765,492130376,6381550,89374502198,999543187,banana,house,B
What is 87820 times 74727?,23752970,246020156848,3394082083,5333858090,6562525140,banana,house,E
What is 46366 times 58335?,2704760610,355768149219,4251740917,68742024,8712485521,banana,house,A
What is 67089 times 39325?,2405728072,2638274925,723212344314,78662541,7974761253,banana,house,B
What is 28226 times 29171?,228593732,33257795280,593406696,8020412,823380646,banana,house,E
What is 37042 times 89593?,190199565607,2538135522,3318703906,3775141456,66306947,banana,house,C
What is 70438 times 92475?,175183123168,55066356,6513754050,7084496997,9410314097,banana,house,C
What is 36740 times 26668?,2654037,53765338052,566651702,951440399,979782320,banana,house,E
What is 95941 times 44073?,10730396,4228407693,5027629743,834792594365,8838641112,banana,house,B
What is 82199 times 26778?,156081346763,1918403775,2201124822,4641356751,96388307,banana,house,C
What is 31767 times 52506?,1667958102,3938029078,5480032933,63560464,905182012127,banana,house,A
What is 50484 times 12237?,2575236,41663350735,586581518,617772708,938429822,banana,house,D
What is 40467 times 24836?,1005038412,4264923689,49596682,657044682606,6755779326,banana,house,A
What is 38825 times 52434?,2035750050,55564851,852449608575,8946262346,9082249559,banana,house,A
What is 23958 times 76722?,1838105676,265625587957,4644402827,48612965,6316106876,banana,house,A
What is 24517 times 55170?,1352602890,18473178,522531180491,7077197214,7532284065,banana,house,A
What is 35441 times 95126?,246006325779,3371360566,3626476464,37849092,4086606792,banana,house,B
What is 31100 times 22592?,566050671,702611200,70328594501,914066221,9615046,banana,house,B
What is 10409 times 22537?,234587633,2403922,267441813,54385944792,649644705,banana,house,A
What is 74141 times 44453?,1766196269,2579162223,308504097032,3295789873,83113250,banana,house,D
What is 35563 times 48058?,1709086654,3797814888,4063773386,434584558953,89576409,banana,house,A
What is 44885 times 54808?,2460057080,528366600800,68649626,7998647452,9086470232,banana,house,A
What is 86272 times 59390?,215248085475,5123694080,5941543250,6160965451,70574453,banana,house,B
What is 23424 times 73636?,1585561968,1724849664,59229659,6274884185,862268905286,banana,house,B
What is 45178 times 26009?,1175034602,56239294,6758628955,782084550504,9453075417,banana,house,A
What is 32638 times 37287?,1216973106,1560353165,297474143276,49265523,5271100590,banana,house,A
What is 26916 times 40273?,1083988068,2933178983,340466831637,40600539,6948776379,banana,house,A
What is 96778 times 35246?,3411037388,4934670247,781278736146,8274772726,90442291,banana,house,A
What is 69199 times 92166?,18866621,4194166609,448187461189,4942099283,6377795034,banana,house,E
What is 27496 times 90426?,2486353296,5533543603,5989428099,73237984,793332120197,banana,house,A
What is 43641 times 26473?,1155308193,4320430686,76929459,937175775516,9793804393,banana,house,A
What is 42189 times 19851?,10492750812,143069055,1673129,183529667,837493839,banana,house,E
What is 99263 times 44394?,151211111319,2423973123,2685177024,4406681622,97013314,banana,house,D
What is 50807 times 86729?,21938153,319132963377,4406440303,8344679161,8777173938,banana,house,C
What is 81867 times 88272?,2538960722,28180671,3718296513,7226563824,948081557460,banana,house,D
What is 79376 times 40159?,1035048768,3187660784,335317979895,4890553756,55705835,banana,house,B
What is 33774 times 50304?,1698967296,5390405226,57901974,621678114652,8348074486,banana,house,A
What is 62285 times 51216?,2339465322,284490194253,3189988560,7750735836,90010183,banana,house,C
What is 82630 times 84294?,19787667,2819797378,5724521910,6965213220,948926838949,banana,house,D
What is 48724 times 54892?,2674557808,3936607338,45116160,6408092298,875593637020,banana,house,A
What is 99184 times 18625?,1847302000,2744658221,5076499748,78354818,844169074829,banana,house,A
What is 71012 times 81320?,1679182051,1701600859,395122962767,5774695840,96290309,banana,house,D
What is 99001 times 45523?,434133571602,4506822523,6490838764,8723729707,99610744,banana,house,B
What is 80237 times 49815?,3997006155,54099946,6628079280,7550930360,869144358115,banana,house,A
What is 44403 times 33215?,1474845645,27784789,5694617194,6875430715,887608672064,banana,house,A
What is 17268 times 72868?,1258284624,1275804156,244032051771,3488235745,46214418,banana,house,A
What is 67760 times 62850?,25470348,4258716000,8143070604,8669808286,945858701749,banana,house,B
What is 27341 times 37729?,1031548589,262867446818,6428546606,6805062261,95560075,banana,house,A
What is 53916 times 84855?,112729582432,4342682402,4575042180,4590440536,69255859,banana,house,C
What is 64166 times 71419?,1113345362,1935186918,4582671554,897196909376,92078898,banana,house,C
What is 38030 times 43466?,1653011980,2697096334,719386267134,74273808,9808411557,banana,house,A
What is 25171 times 88561?,2229168931,38288697,455294105961,5088174560,9950088288,banana,house,A
What is 11724 times 67987?,353650217,768304483,797079588,84317493304,9394690,banana,house,C
What is 93697 times 52184?,231037021271,2459110044,2560132222,4889484248,62506916,banana,house,D
What is 55314 times 22310?,1234055340,27866033,3940707348,467229267658,6433657759,banana,house,A
What is 61810 times 93178?,2747967312,280070666760,5601622108,5759332180,62704135,banana,house,D
What is 98462 times 70560?,46122030,498881109201,6055827390,6947478720,9163812104,banana,house,D
What is 63678 times 55994?,3565585932,56030452,7882849711,813839034507,9947634229,banana,house,A
What is 14584 times 19134?,279050256,378733997,38989277392,417884401,7458007,banana,house,A
What is 41996 times 81315?,103434746408,3414904740,54780881,6418572387,6687944150,banana,house,B
What is 21699 times 26398?,252772065,3345341,572810202,803773430,98138036765,banana,house,C
What is 75901 times 48918?,160008858385,1878208290,27198990,3404508113,3712925118,banana,house,E
What is 56909 times 89513?,13194488,2052464423,4060132759,5094095317,722758226231,banana,house,D
What is 29924 times 95684?,1170004678,176781009415,2863248016,4961595366,51440833,banana,house,C
What is 75510 times 65931?,2884064381,4978449810,81202202,8214214875,865368850778,banana,house,B
What is 81760 times 30827?,2520415520,3373814054,48859087,7050582054,851878543002,banana,house,A
What is 12410 times 97324?,1207790840,457433118479,75463211,8143481678,9620629787,banana,house,A
What is 48487 times 86065?,4173033655,6090770523,760691113810,8123644392,99352925,banana,house,A
What is 55880 times 87492?,1495019872,22180551,4889052960,500365626741,9668197784,banana,house,C
What is 53570 times 34759?,1222465454,1862039630,39762444,5989869429,852703681142,banana,house,B
What is 36022 times 66577?,2398236694,612057395295,6965018611,8425397686,88045721,banana,house,A
What is 18065 times 65861?,1189778965,197194400467,2247560494,38256864,7161891891,banana,house,A
What is 45110 times 77504?,1513339285,1753706198,3496205440,386590860406,93156209,banana,house,C
What is 53316 times 74721?,1775424747,353320126324,3983824836,52985540,6785339643,banana,house,C
What is 31328 times 23215?,525898891,54460607667,6442067,727279520,970234765,banana,house,D
What is 10104 times 30202?,305161008,516084950,5783878,60673992067,984543739,banana,house,A
What is 11801 times 56221?,4498939,64663199613,661412923,663464021,976598689,banana,house,D
What is 17049 times 70631?,1204187919,1682808359,321519829634,7454877461,87608344,banana,house,A
What is 86017 times 29632?,1062440902,2548855744,476575890914,5428721907,94883182,banana,house,B
What is 33596 times 79499?,2670848404,36262133,443734775226,6774514149,9396884047,banana,house,A
What is 32895 times 96539?,3175650405,41347309,5705556700,588134236757,9571942721,banana,house,A
What is 12341 times 70359?,273802611,48277636180,785029937,868300419,9331590,banana,house,D
What is 28258 times 13836?,148406321,31702228744,390977688,6864281,807371991,banana,house,C
What is 95174 times 91334?,4377828881,717333634256,73577048,8692622116,9202164458,banana,house,D
What is 77187 times 20920?,1614752040,3566545735,425662632633,45599579,8478223567,banana,house,A
What is 82893 times 68604?,3718641507,51381212,5686791372,7540004434,942263486225,banana,house,C
What is 50278 times 75461?,2117883154,3794028158,5156808294,78750698,932620373806,banana,house,B
What is 77920 times 70679?,246718646875,4375319020,5507307680,91856140,9337386827,banana,house,C
What is 87533 times 25025?,2190513325,3501044371,534062564032,6151937341,94362976,banana,house,A
What is 82702 times 78616?,360659948745,5354202248,64196147,6501700432,8296159199,banana,house,D
What is 40114 times 11502?,461391228,6198692,769034586,938267476,94357992426,banana,house,A
What is 23114 times 49946?,1154451844,2296988913,3475792637,520906358705,72715718,banana,house,A
What is 74268 times 69863?,2194702724,42482231,5188585284,588675424851,7156513850,banana,house,C
What is 46690 times 63493?,2800278400,2964488170,512752066840,69495614,8451704043,banana,house,B
What is 48868 times 41005?,2003832340,22669057,2705399704,4031835110,546493521162,banana,house,A
What is 77885 times 58372?,2334495093,4546303220,4774840593,572951787424,76332432,banana,house,B
What is 78439 times 74739?,3352090811,52212440,5862452421,6586908384,801826730433,banana,house,C
What is 42508 times 45767?,11351336,126121499755,1876258942,1945463636,2394348242,banana,house,D
What is 31696 times 96248?,3050676608,3248139051,3979102953,45961565,832599495795,banana,house,A
What is 18863 times 45371?,14850046912,157151351,182209129,2423349,855833173,banana,house,E
What is 20704 times 94796?,1962656384,3405603866,52052448,622639728543,6607097661,banana,house,A
What is 84535 times 67172?,35342830,4805849200,5678385020,653100331485,8778977902,banana,house,C
What is 17404 times 34392?,172733533,3899321,54055854282,598558368,893418010,banana,house,D
What is 80651 times 30199?,129929398597,2435579549,4219212922,78306668,8643586803,banana,house,B
What is 75280 times 15662?,1179035360,313598404807,3511114592,46134797,6854191999,banana,house,A
What is 63703 times 47762?,2179018659,3042582686,51552467,5997555461,609722184806,banana,house,B
What is 17963 times 32575?,2813130,514647993,55652454070,585144725,770575968,banana,house,D
What is 96719 times 48302?,10201545,3688024467,4671721138,7006445444,952481392041,banana,house,C
What is 32840 times 84935?,13417853,2789265400,2971873730,364966365833,8077895620,banana,house,B
What is 37274 times 49658?,1850952292,4819902826,6483134044,723510664488,83677191,banana,house,A
What is 95741 times 12668?,1212846988,149399049047,3955815562,6678709378,89883454,banana,house,A
What is 28142 times 83023?,2336433266,321266120585,4964804253,6597022488,70496703,banana,house,A
What is 65036 times 27285?,1774507260,425974303798,8125442390,9195628691,92939671,banana,house,A
What is 24259 times 99738?,2419544142,458439476624,48432692,5532180957,9081716335,banana,house,A
What is 20740 times 55379?,1148560460,3601003308,3740199245,67886867,948427266205,banana,house,A
What is 26930 times 42653?,1069923103,1148645290,1629441341,753575007913,95427614,banana,house,B
What is 71943 times 80298?,5331745377,5776879014,787791423552,8034572680,84124191,banana,house,B
What is 45139 times 65303?,2346537227,2947712117,29789629,298209455265,9610406324,banana,house,B
What is 32287 times 25852?,237206354,2736344,651926531,834683524,93316874754,banana,house,D
What is 12736 times 36843?,35362279581,443863808,4641570,469232448,953469733,banana,house,D
What is 29592 times 39837?,1178856504,1616919323,251436443585,50932378,6009730605,banana,house,A
What is 45117 times 19359?,1971410,37984936349,520843144,873420003,926021916,banana,house,D
What is 82901 times 78818?,238261671725,3866842393,3879591718,38805054,6534091018,banana,house,E
What is 33128 times 75812?,2511499936,26033851,6588165856,742534488607,9531919269,banana,house,A
What is 84327 times 68288?,1348247805,362469431920,36414995,5758522176,7481221765,banana,house,D
What is 94301 times 39724?,3746012924,380469611619,4674092634,6411501702,98853595,banana,house,A
What is 68536 times 27200?,16881441,1864179200,391513569260,5957822370,9709708607,banana,house,B
What is 77623 times 90010?,44124728,6986846230,822306579245,8740129302,9550961060,banana,house,B
What is 54988 times 90388?,1136763591,2943226840,4970255344,663727625649,75983877,banana,house,C
What is 57807 times 94902?,344154331053,46081378,5485999914,9496770580,9814163290,banana,house,C
What is 29013 times 16605?,12829281590,156063169,481760865,7713531,907196327,banana,house,C
What is 94949 times 82186?,2058806640,42636940,580842742599,7247551078,7803478514,banana,house,E
What is 97057 times 60047?,345819749814,52571160,5827981679,7475741534,9992060025,banana,house,C
What is 40488 times 53567?,2168820696,302023553953,3154097448,5277012454,76950084,banana,house,A
What is 42328 times 80014?,3386832592,5535565392,68628838,905710708740,9421366137,banana,house,A
What is 47938 times 99003?,3628177900,4746005814,72187706,8866479551,915782274371,banana,house,B
What is 78746 times 25702?,140978119661,2023929692,2721486145,47562676,5483586794,banana,house,B
What is 85291 times 90438?,2516871083,5981716345,7713547458,929499193903,98183853,banana,house,C
What is 69578 times 52955?,265126942794,2832630447,3684502990,42943507,9031916887,banana,house,C
What is 17126 times 20337?,1381592,23158241778,348291462,611001297,880512978,banana,house,C
What is 68485 times 52097?,3567863045,425869899900,6976254206,71689676,8035420488,banana,house,A
What is 72903 times 42479?,2582150402,3096846537,430139101536,50757248,7092983980,banana,house,B
What is 44134 times 89279?,3940239386,5076766763,63494344,789291573998,8341210227,banana,house,A
What is 74443 times 78074?,2009498407,3212961047,32239995,417729122157,5812062782,banana,house,E
What is 85445 times 27766?,230148864524,2372465870,3405436772,40112535,4950712549,banana,house,B
What is 79919 times 72890?,17351490,3686008135,3940460125,5825295910,659332770756,banana,house,D
What is 11280 times 34952?,23768793603,394258560,496400985,5521004,906919413,banana,house,B
What is 42674 times 67805?,1469578750,2893510570,4159621898,86664775,973463839861,banana,house,B
What is 13779 times 45463?,2817434,626434677,652826669,691449732,94916464580,banana,house,B
What is 80925 times 75357?,28539092,296255101519,2986275519,6098265225,8309040095,banana,house,D
What is 94167 times 86455?,257154728670,3255643398,8141207985,8875051366,93474829,banana,house,C
What is 78411 times 40839?,3202226829,3482291518,559728976646,7612111268,94432934,banana,house,A
What is 33398 times 14093?,396818497,470678014,560494131,68247461930,8717244,banana,house,B
What is 35758 times 15283?,2066757,338992943,546489514,65197209604,925041398,banana,house,C
What is 85864 times 18834?,1617162576,611268896669,74381020,7637127100,8535777938,banana,house,A
What is 95070 times 59784?,404192640082,46583151,5683664880,8515260818,8813701695,banana,house,C
What is 86887 times 18422?,1181583396,1600632314,2507797752,56043169,835567795411,banana,house,B
What is 31820 times 67717?,11977425,214832578150,2154754940,2972994192,6047815974,banana,house,C
What is 76073 times 16090?,1224014570,290273169666,5877242736,7551666450,77533171,banana,house,A
What is 39393 times 12162?,240901869,273261363,479097666,75196298502,8975793,banana,house,C
What is 58802 times 30739?,1632179598,1807514678,19266500,232565374094,5091816537,banana,house,B
What is 44918 times 39046?,1753868228,2233452270,61500349,693709899396,8422721336,banana,house,A
What is 30799 times 64781?,1995190019,243620147324,7279296550,8546656212,88213435,banana,house,A
What is 70964 times 67770?,13565689,3002135844,307672570211,4809230280,6476558287,banana,house,D
What is 49479 times 61651?,3050429829,61134987,691813823751,9187957431,9851591952,banana,house,A
What is 40443 times 44021?,1780341303,48961793,5698044690,7459485205,965008776168,banana,house,A
What is 30747 times 90510?,120480663553,2782910970,4229299403,62289760,7431730397,banana,house,B
What is 52681 times 41645?,116243980155,21461006,2193900245,3564240875,4908221979,banana,house,C
What is 13058 times 14188?,185266904,42385890919,617687268,854744796,8900207,banana,house,A
What is 25324 times 77949?,1973980476,2074354480,2755013712,634895202156,88763687,banana,house,A
What is 98979 times 16247?,1608111813,1787793766,2364582405,783279718913,79149922,banana,house,A
What is 36065 times 40262?,1452049030,1644625346,389348307483,9049476394,97035220,banana,house,A
What is 96482 times 55877?,47942053,5391124714,584459692082,5983466340,6045272964,banana,house,B
What is 98707 times 99920?,13184850,4503011715,711568708643,7251768606,9862803440,banana,house,E
What is 60788 times 68897?,2120338378,336741206470,4188110836,4725042375,60455173,banana,house,C
What is 71916 times 66239?,1709959984,21462378,4763643924,717711605901,7239058017,banana,house,C
What is 27158 times 51569?,1400510902,4916901598,5089173643,669050271048,83095684,banana,house,A
What is 74716 times 83888?,1300591138,185825313395,6267775808,77149489,9714838663,banana,house,C
What is 33092 times 20807?,25270236411,273254403,4645001,535771587,688545244,banana,house,E
What is 57885 times 66928?,1144321639,285419586357,3054094349,3874127280,62180303,banana,house,D
What is 52550 times 23391?,1229197050,3610634187,6119579659,66276292,976733962629,banana,house,A
What is 76517 times 47766?,131156299866,2248155542,3324051554,3654911022,77115056,banana,house,D
What is 23016 times 31991?,14545665309,3225423,481002022,736304856,848557692,banana,house,D
What is 44783 times 42187?,1799724854,1889260421,31024707,939667530742,9888727125,banana,house,B
What is 95161 times 25427?,2419658747,574245599392,5954166706,7948413470,98384852,banana,house,A
What is 96636 times 71143?,1111691218,23089272,286788961699,3203628060,6874974948,banana,house,E
What is 88215 times 44929?,187403937719,3617355899,3963411735,73830493,9805555439,banana,house,C
What is 37933 times 73813?,2799948529,3278250748,50677934,820423972223,8741362238,banana,house,A
What is 23331 times 88048?,100658693191,2054247888,2401617887,8457268473,93704701,banana,house,B
What is 76683 times 45627?,200227260413,2504418352,3498815241,78832146,8513236698,banana,house,C
What is 84708 times 44389?,3760103412,5463363175,82419632,925879390419,9315604787,banana,house,A
What is 99573 times 55480?,151965802182,17315828,4639885721,5524310040,8275716596,banana,house,D
What is 70528 times 57654?,4066221312,4713257096,622341877745,7652038754,91654210,banana,house,A
What is 31573 times 28244?,27383081686,464726499,607446641,6383506,891747812,banana,house,E
What is 32898 times 54082?,1779189636,305150358110,3649981229,4486488874,98864121,banana,house,A
What is 72247 times 32117?,2320356899,502907197666,6896211219,86517486,9075613229,banana,house,A
What is 51267 times 91945?,1051052037,3924663432,450368702422,4713744315,70791638,banana,house,D
What is 81547 times 27368?,2231778296,585188593068,6713554018,73003685,8651962154,banana,house,A
What is 29465 times 41158?,1212720470,20803340,320791867657,7201102383,7952410744,banana,house,A
What is 81234 times 10586?,4036981,530207682,557642403,859943124,93678124885,banana,house,D
What is 49181 times 11706?,1645120,37741131953,575712786,753783313,845748568,banana,house,C
What is 71177 times 27855?,1982635335,336287694117,5773269287,6970733012,81512368,banana,house,A
What is 62424 times 19033?,1188115992,188455257321,2077335031,34468782,6823267686,banana,house,A
What is 90143 times 57456?,5179256208,53606941,674440956980,6937061784,9672954600,banana,house,A
What is 46801 times 83453?,2291721810,2724622525,27953701,355951578431,3905683853,banana,house,E
What is 56728 times 18393?,1043398104,2744327173,368957924555,65770626,9942155842,banana,house,A
What is 80821 times 16053?,1297419513,5138585689,6382392846,73696176,825875123323,banana,house,A
What is 44453 times 39997?,1777986641,186721664945,3997902539,7386322327,91367068,banana,house,A
What is 67348 times 31037?,2090279876,45267167,4734822153,535194447216,9733242365,banana,house,A
What is 36343 times 94542?,2705399441,34098516,3435939906,466883988896,9093789335,banana,house,C
What is 16572 times 79149?,1311657228,451389904801,7383779943,77865182,9577024647,banana,house,A
What is 35495 times 71963?,2554326685,4604055078,562616636823,67157274,8158265512,banana,house,A
What is 77497 times 93223?,20475646,7032975830,7224502831,731810682439,9775244951,banana,house,C
What is 81982 times 76502?,3039130425,34251978,620049657161,6271786964,7673039257,banana,house,D
What is 93944 times 69321?,609734156358,6512292024,6554995700,71925038,8579375218,banana,house,B
What is 13060 times 62012?,142582481,56117762793,659329288,6735618,809876720,banana,house,E
What is 82366 times 76521?,3876943964,6302728686,65591434,8693774206,925851675799,banana,house,B
What is 40361 times 31840?,1285094240,181431869709,51362859,8327330042,8960897267,banana,house,A
What is 52172 times 65808?,16880874,194118022722,2562842335,3433334976,7325555857,banana,house,D
What is 94205 times 55125?,5193050625,5990131871,63814990,932741529749,9526330278,banana,house,A
What is 91785 times 83988?,3309687402,3318559642,59318865,594461480604,7708838580,banana,house,E
What is 87055 times 29591?,1113870637,2576044505,359407631289,44204327,7692678533,banana,house,B
What is 23361 times 65360?,15243979,1526874960,541033997990,8602909349,9273062925,banana,house,B
What is 93176 times 50509?,1690016093,329947080997,4706226584,54150213,7377394863,banana,house,C
What is 77533 times 78251?,4444731492,5676780441,6067034783,814034004573,88040110,banana,house,C
What is 30272 times 56878?,1721810816,283334057385,7490622765,87572964,8949725716,banana,house,A
What is 75758 times 92598?,37869132,646571907741,6986375440,7015039284,7162299324,banana,house,D
What is 90025 times 68780?,12854811,263300848990,4302279267,6191919500,9740106658,banana,house,D
What is 80376 times 20803?,1000516659,1084115759,1672061928,32522333,562772014012,banana,house,C
What is 62322 times 63654?,3967044588,4646774177,545924963169,78643782,9646108232,banana,house,A
What is 43662 times 50427?,10472068,2201743674,5593467380,7073032692,768865080806,banana,house,B
What is 48666 times 31208?,1518768528,2522434710,30686964,4255524735,993924908483,banana,house,A
What is 85221 times 25260?,2152682460,53982721,6159658374,6165826102,744188159155,banana,house,A
What is 30482 times 73065?,2227167330,228454090215,62932299,7839057963,9007130431,banana,house,A
What is 59278 times 31917?,128048372037,1891975926,2239653365,38534846,4378272830,banana,house,B
What is 24339 times 97688?,1190852290,2377628232,68858268,8521125699,930908523918,banana,house,B
What is 48493 times 50436?,2445792948,2701851391,3315965162,49730928,718434929857,banana,house,A
What is 59185 times 44777?,2389158546,2650126745,3467506024,71172176,935575585438,banana,house,B
What is 36503 times 22473?,241764496,320048846,42996461732,4735107,820331919,banana,house,E
What is 45744 times 88452?,1743316194,178540861380,4046148288,7436714163,75769916,banana,house,C
What is 93679 times 13908?,1302887532,2496521991,50019645,517069009009,6245361301,banana,house,A
What is 46725 times 83548?,3403937842,35860278,3903780300,812763958214,8379308379,banana,house,C
What is 27126 times 68360?,1138020904,1854333360,7567740204,80565501,865749165477,banana,house,B
What is 91840 times 64149?,173086578297,5891444160,6840478705,9252671381,97982724,banana,house,B
What is 28502 times 18701?,2358013,533015902,744495494,806213582,90216019580,banana,house,B
What is 87294 times 55615?,359267100856,4854855810,5849826381,87402240,9164123772,banana,house,B
What is 10989 times 21007?,230845923,45926529999,714566857,7503458,930789550,banana,house,A
What is 84615 times 73964?,5544439617,6258463860,6395284017,725293149230,98924158,banana,house,B
What is 23137 times 44051?,1019207987,1302009974,2344527948,28364412,800241053534,banana,house,A
What is 36847 times 76110?,19775209,2804425170,3045820178,798987598778,8007589745,banana,house,B
What is 66299 times 12906?,2118860,241111729,26826624587,409273487,855654894,banana,house,E
What is 10806 times 14442?,156060252,407413600,537280403,77039077644,9139241,banana,house,A
What is 56356 times 28909?,1347295031,1629195604,4856419993,706811937203,80634031,banana,house,B
What is 66572 times 51119?,2286700296,3403094068,68177485,877135711512,9339382523,banana,house,B
What is 77792 times 60301?,1785180513,4490762350,4690935392,807580251263,92856735,banana,house,C
What is 52236 times 44901?,1380141147,2345448636,56599225,5701391966,647104754908,banana,house,B
What is 38155 times 88716?,3384958980,3663112088,4144431240,930696023298,96520704,banana,house,A
What is 85154 times 14319?,1219320126,29021264,365063620140,6926583019,8070048839,banana,house,A
What is 53832 times 78742?,1595912722,2433587811,4238839344,50824418,630276613089,banana,house,C
What is 13041 times 15219?,12996520139,198470979,4277979,428746135,659482017,banana,house,B
What is 68544 times 61214?,32830521,4195852416,475216690580,4759363540,5852273805,banana,house,B
What is 37954 times 81586?,2318426209,268509732358,3096515044,5971936143,84960818,banana,house,C
What is 61728 times 31140?,1922209920,2448696191,4719925083,67126761,962738782369,banana,house,A
What is 37295 times 49856?,177321609234,1859379520,28381802,2956189514,3274159065,banana,house,B
What is 44087 times 63849?,14010092,2814910863,6397103006,680889884998,7368345806,banana,house,B
What is 17365 times 88935?,1544356275,21420596,445922829021,8471714888,9494816992,banana,house,A
What is 31685 times 18086?,26758170864,327732889,573054910,727947370,9304605,banana,house,C
What is 12570 times 46208?,15230476805,390344766,4630245,580834560,911337657,banana,house,D
What is 57653 times 15665?,1895992,679180153,726970433,903134245,90821059910,banana,house,D
What is 86999 times 41642?,3622812358,550279240268,87832778,8816613101,9766137210,banana,house,A
What is 12586 times 17188?,216328168,668032754,80455400202,882824496,9065534,banana,house,A
What is 48237 times 97418?,433592955495,4699152066,6899299037,7557252322,79983564,banana,house,B
What is 30380 times 31333?,298709053,477467135,63428726249,8791161,951896540,banana,house,E
What is 78494 times 56093?,28997744,291475295918,4402963942,6554488855,7303125736,banana,house,C
What is 74783 times 74709?,2465772534,38210882,5586963147,981097198749,9961153645,banana,house,C
What is 57128 times 27103?,1548340184,407561692013,51894096,8335751791,8837139845,banana,house,A
What is 28037 times 34513?,2512855,285850630,63362250373,919300019,967640981,banana,house,E
What is 17604 times 90361?,1590715044,2525974426,4401737101,46857596,703911406503,banana,house,A
What is 68992 times 19924?,1374596608,39850535,450746557338,8254411739,9683379909,banana,house,A
What is 69839 times 75370?,16807941,1946660843,5263765430,6054391163,745490184728,banana,house,C
What is 42162 times 77808?,177286543393,2610682732,3280540896,40741099,5145984082,banana,house,C
What is 74274 times 54293?,1876530861,4032558282,72674221,792349165496,8040769212,banana,house,B
What is 49000 times 73323?,3592827000,39218465,8087463564,889303253456,9515971497,banana,house,A
What is 66941 times 51979?,3479526239,528616088757,5908515887,6824794461,94482398,banana,house,A
What is 91529 times 86910?,3101662878,5242015210,7954785390,800202216199,95277233,banana,house,C
What is 42092 times 74437?,3133202204,46015177,4998328441,9275633463,953278311194,banana,house,A
What is 98657 times 94198?,4052666261,4711527821,613386594006,64792305,9293292086,banana,house,E
What is 63713 times 25002?,13165278,1592952426,3680324363,535152531752,7270589667,banana,house,B
What is 20298 times 22995?,14711051906,466752510,472739279,6923259,869441071,banana,house,B
What is 74714 times 49192?,1448397977,3675331088,59959637,682203473313,7533468257,banana,house,B
What is 89714 times 13606?,1220648684,5570418000,749081520861,77484190,9898781512,banana,house,A
What is 69799 times 11027?,185030776,4122380,69623638604,769673573,984389966,banana,house,D
What is 76455 times 38023?,2743576943,2907048465,3756238676,387218156375,96991946,banana,house,B
What is 34394 times 17898?,152145997,22787568558,519131946,615583812,7279427,banana,house,D
What is 22651 times 62924?,1425291524,45656746,466132090711,5340080914,9525443717,banana,house,A
What is 29945 times 63144?,1890847080,4330621455,4381158941,878666264317,91152975,banana,house,A
What is 68655 times 20952?,1438459560,2062070526,214702575694,76651488,9595209819,banana,house,A
What is 14216 times 72107?,1025073112,4357281273,5836162638,70621106,784469401929,banana,house,A
What is 28361 times 25784?,1599507,294285217,357798191,731260024,80004976556,banana,house,D
What is 90368 times 83883?,3733780172,43725117,6689238207,7580338944,980275665190,banana,house,D
What is 36784 times 20700?,17460937366,2318984,247827922,575515886,761428800,banana,house,E
What is 94676 times 95726?,19548247,4491863519,862464149077,9062954776,9528543934,banana,house,D
What is 60630 times 69623?,3800100563,4221242490,4743266234,643473820750,86014902,banana,house,B
What is 80062 times 37425?,2502429874,2996320350,426082781689,50387449,8226623723,banana,house,B
What is 57398 times 91185?,1814139905,207255838989,3350319800,39842786,5233836630,banana,house,E
What is 29480 times 57056?,1682010880,215204274674,2903692434,3145887668,44347670,banana,house,A
What is 40928 times 56907?,107269161913,2329089696,4441587713,47352778,9299599450,banana,house,B
What is 68927 times 63971?,27434327,4409329117,746950655238,8222952560,9096261563,banana,house,B
What is 45391 times 35148?,1595402868,1813695009,3963324816,468841843936,49671851,banana,house,A
What is 40658 times 90694?,124829393958,27952139,3687436652,3791990094,8639466425,banana,house,C
What is 67755 times 79727?,157128732936,5401902885,6484751136,81899233,8946619620,banana,house,B
What is 33171 times 27322?,273533581,576186766,65746250221,906298062,9111226,banana,house,D
What is 99905 times 10759?,1074877895,1556748648,5528515513,636330715207,68220691,banana,house,A
What is 26580 times 54007?,1435506060,3536728018,48080929,483416041728,6054486136,banana,house,A
What is 26111 times 87168?,2276043648,257370514820,49880409,5459202046,7184981501,banana,house,A
What is 18564 times 11018?,204538152,4225721,65898477565,697724694,914105811,banana,house,A
What is 37341 times 46265?,12602625,1727581365,2268098046,3104334835,837372406594,banana,house,B
What is 78004 times 43580?,2157812209,3399414320,40745424,470390675639,6012563457,banana,house,B
What is 37623 times 43828?,1648940844,2959615223,673031952224,80004540,9493876887,banana,house,A
What is 91092 times 76806?,1712398706,4871560089,54625017,6996412152,958427607974,banana,house,D
What is 38986 times 54124?,1112808871,2110078264,6076427534,69853773,814087952750,banana,house,B
What is 61844 times 93846?,1826617215,3487280597,5803812024,637965254689,79500938,banana,house,C
What is 24507 times 38799?,110208671,28618548164,611969840,6695853,950847093,banana,house,E
What is 31319 times 33910?,1062027290,16058342,3868024866,4386988116,903302977569,banana,house,A
What is 50027 times 11600?,261388252,28387738263,4603687,580313200,780639890,banana,house,D
What is 16191 times 34607?,342765936,38521114234,560321937,827884747,9029176,banana,house,C
What is 82485 times 49545?,17292377,203617259363,4086719325,4589037269,6197756438,banana,house,C
What is 51139 times 96941?,4957465799,60677900,6146514431,720259857657,8419871455,banana,house,A
What is 46676 times 93876?,4244724802,4381756176,694765488676,87443936,9894459598,banana,house,B
What is 52085 times 24970?,1300562450,447039005370,4606142519,49427396,9143969257,banana,house,A
What is 52040 times 42457?,2209462280,308294420556,3990412745,76840523,7856798456,banana,house,A
What is 74435 times 51320?,1897606897,3820004200,699780680547,77575826,7792668950,banana,house,B
What is 78858 times 96159?,2691767500,40813626,7093629494,7582906422,994400567684,banana,house,D
What is 49244 times 34218?,1685031192,23073215,3590814341,384924559717,4480908133,banana,house,A
What is 24733 times 59692?,1476362236,3193216787,71244294,8703657074,928953133503,banana,house,A
What is 56692 times 98783?,138155816685,1488838215,44984494,5600205836,9531550309,banana,house,D
What is 66180 times 58659?,204596913162,3882052620,63249739,8056622710,9536063727,banana,house,B
What is 33789 times 65583?,2215983987,23604622,5370389223,6264105946,663501017915,banana,house,A
What is 42541 times 44170?,1879035970,2774807706,341446594852,85869214,9315177551,banana,house,A
What is 49580 times 97387?,2420421174,4828447460,54916737,687089315159,7874511930,banana,house,B
What is 30123 times 30298?,1884390,329413294,52897368670,856937618,912666654,banana,house,E
What is 73824 times 62574?,4619462976,5451070479,70058440,7732667356,836002910805,banana,house,A
What is 66720 times 20977?,1399585440,1938393292,204188353550,50068214,6015546219,banana,house,A
What is 50928 times 60055?,3058481040,32146894,4331305234,5938050450,777950755817,banana,house,A
What is 23228 times 47520?,1103794560,21280341,5013119825,906425397532,9794772693,banana,house,A
What is 20520 times 61221?,1256254920,320977789893,70131526,7505510510,8842569560,banana,house,A
What is 27190 times 10425?,167979191,283455750,591250177,61956775901,9923721,banana,house,B
What is 90889 times 43194?,163078127767,3925859466,5909498200,72671397,9942611912,banana,house,B
What is 24929 times 54935?,1369474615,399580545229,4514906598,57075687,8186637043,banana,house,A
What is 20124 times 85715?,1724928660,7799214766,798079103376,90742112,9867333036,banana,house,A
What is 51730 times 96066?,285923368946,4386659754,4635760449,4969494180,74563635,banana,house,D
What is 61180 times 20472?,1252476960,13818462,2337900297,492116081632,7201454177,banana,house,A
What is 20731 times 31997?,278711675,55868957597,663329807,9788804,996222977,banana,house,C
What is 75726 times 84148?,14020263,226957465337,4904024527,6372191448,8085618215,banana,house,D
What is 16482 times 40919?,471152045,5631991,586286520,674426958,83389495966,banana,house,D
What is 84254 times 25280?,1159071944,140381360023,2129941120,44254754,4989433275,banana,house,C
What is 25796 times 29752?,682046626,7019155,767482592,772905578,90121648453,banana,house,C
What is 85356 times 93848?,157273159743,1979129134,6062457673,8010489888,97555411,banana,house,D
What is 77107 times 19344?,1491557808,159445533116,69372424,7162490102,9623778926,banana,house,A
What is 45199 times 98603?,4324445122,4456756997,453101824386,8246355377,90365722,banana,house,B
What is 46529 times 97916?,2163335100,274067466209,4555933564,8879106492,97661360,banana,house,C
What is 39126 times 57173?,188746179077,2236950798,7379016920,7446105533,93616818,banana,house,B
What is 80480 times 64876?,1754724982,29946809,410259247761,5221220480,9298639726,banana,house,D
What is 84643 times 59752?,3762427346,5057588536,5445002067,77076032,873276000234,banana,house,B
What is 61363 times 29164?,1789590532,28688075,2992222844,398033608274,6264784119,banana,house,A
What is 37491 times 60010?,1382958710,213684739464,2249834910,3036798086,52993120,banana,house,C
What is 66682 times 31194?,17076084,2080078308,574889024056,7472119503,9781916693,banana,house,B
What is 43419 times 63983?,2778077877,5801174046,79049671,7914382599,971040416610,banana,house,A
What is 77178 times 92592?,26425853,4102937227,6808785437,7146065376,986629977463,banana,house,D
What is 65406 times 75937?,253473418017,40979616,4966735422,7071619980,7886314544,banana,house,C
What is 50227 times 91016?,1898568002,26896412,3418687219,4571460632,904782693219,banana,house,D
What is 12830 times 42492?,27112591239,545172360,681703098,7661851,942501989,banana,house,B
What is 92887 times 58646?,5447451002,6152665102,80394905,838771100546,8393316209,banana,house,A
What is 38651 times 69259?,2676929609,5636669428,68157897,689793260988,9902515391,banana,house,A
What is 81368 times 12797?,1041266296,25602232,261878482800,7253926034,9401084283,banana,house,A
What is 15152 times 42943?,54248808615,544296029,650672336,6668130,998439827,banana,house,C
What is 59524 times 51617?,3072450308,4235632042,62445004,708622769360,7159428941,banana,house,A
What is 97465 times 24857?,2422687505,300812981902,33620964,3658638107,4482836113,banana,house,A
What is 22692 times 17425?,13881471552,347935736,395408100,4120277,628373561,banana,house,C
What is 49615 times 94236?,16167509,4675519140,6217996197,7601838588,932860511257,banana,house,B
What is 22126 times 32863?,315697682,348838503,6622937,727126738,73445616371,banana,house,D
What is 84563 times 38537?,106859306649,3258804331,56577620,7999946683,8473921939,banana,house,B
What is 20591 times 33426?,239413440,29838832497,3177444,688274766,744620748,banana,house,D
What is 13153 times 18903?,248631159,324551200,351655138,54177203245,8448077,banana,house,A
What is 72167 times 45012?,16624908,3248381004,4064324803,898537492969,9112819263,banana,house,B
What is 71931 times 48889?,3516634659,5160172369,5217523996,689078020219,91065283,banana,house,A
What is 27628 times 35729?,51870111134,541829315,722578521,8088937,987120812,banana,house,E
What is 91685 times 41397?,12586803,1963206149,3795483945,854686989524,9649577460,banana,house,C
What is 38587 times 42734?,1648976858,3414127506,4567382634,601435523657,68211726,banana,house,A
What is 36047 times 63029?,2272006363,553863033878,5563250021,5596294710,76967429,banana,house,A
What is 20032 times 89407?,1321113391,1791001024,63417953,764042944268,9169652942,banana,house,B
What is 47808 times 96699?,32029318,3484661285,361695580364,4622985792,4857374744,banana,house,D
What is 18322 times 91320?,1673165040,261703540270,3495016192,9034135832,96469695,banana,house,A
What is 15492 times 18421?,141625057,21546704647,285378132,953123302,9688409,banana,house,C
What is 10941 times 73016?,269983879,346610366,3481667,798868056,96507815036,banana,house,D
What is 98171 times 75236?,14646314,3228368402,7385993356,783289145243,8474837053,banana,house,C
What is 50498 times 45056?,1530957399,2275237888,3302035942,376035047320,51210371,banana,house,B
What is 29853 times 54471?,1626122763,2252380115,45798029,6360780229,935792637144,banana,house,A
What is 49332 times 22072?,1088855904,620820294638,7447472936,83676377,8762630037,banana,house,A
What is 75459 times 15679?,1183121661,1666991690,3507219766,78033914,802958771957,banana,house,A
What is 34878 times 20694?,159363926,2103152,71736652306,721765332,747457121,banana,house,D
What is 18980 times 88272?,1675402560,4719911827,5340498657,912779715253,96065119,banana,house,A
What is 87694 times 68279?,22174366,5104972079,5987658626,834560304032,9458414078,banana,house,C
What is 29992 times 49428?,1482444576,528151827940,5492818960,5914899687,91459721,banana,house,A
What is 36653 times 23944?,160118634,3645235,504311923,51061399384,877619432,banana,house,E
What is 46911 times 18681?,603099096,688588006,69217137444,876344391,8852125,banana,house,D
What is 98206 times 80778?,572129737815,72951942,7919113337,7932884268,9965354483,banana,house,D
What is 93066 times 79892?,4731352882,50451459,7435228872,9405698506,942544343395,banana,house,C
What is 86901 times 74541?,151811752825,3698935055,51419095,6477687441,9991462428,banana,house,D
What is 13808 times 79089?,1092060912,3729283184,38400372,525405063809,5939410012,banana,house,A
What is 55157 times 22672?,1250519504,25954186,5792345210,664809741831,8898633738,banana,house,A
What is 13426 times 15512?,14044308800,208264112,432855421,753784647,7988540,banana,house,B
What is 57801 times 45953?,2656129353,4620931091,5398299195,77912416,805665572236,banana,house,A
What is 94353 times 86921?,11928537,387395021813,5669141738,8201257113,8475591019,banana,house,D
What is 26484 times 16513?,403677067,437330292,84904303585,9042459,915720062,banana,house,B
What is 81176 times 67833?,1963579139,32200073,5506411608,5839903767,924082971359,banana,house,C
What is 78447 times 43334?,2000432787,2269422158,3399422298,35772108,706971651413,banana,house,C
What is 95473 times 17143?,1317422550,1636693639,38964818,4700971924,922401705964,banana,house,B
What is 72469 times 11975?,130167828,252423431,39314748523,5004837,867816275,banana,house,E
What is 51636 times 81134?,1598701076,33343705,4189435224,441314381490,5395825348,banana,house,C
What is 97717 times 20837?,2036129129,4854198134,6884161090,78191105,997109994878,banana,house,A
What is 79573 times 36434?,2899162682,45415645,4663167710,517023004809,9569646925,banana,house,A
What is 23096 times 50842?,1174246832,39505884,6260264645,885157098466,8899408950,banana,house,A
What is 49900 times 86664?,4324533600,48433494,4908326782,562357395388,6649481727,banana,house,A
What is 92076 times 48678?,120687347877,1990316844,4106976037,4482075528,46537819,banana,house,D
What is 38441 times 15779?,606560539,6686039,79068789187,814111755,815514471,banana,house,A
What is 25504 times 57228?,10431078,1459542912,239284986450,6309446652,9527803801,banana,house,B
What is 88947 times 29922?,2661472134,3850026041,7858997343,819705094237,92175245,banana,house,A
What is 42960 times 41484?,1782152640,1841080943,1918012510,33644895,777894702226,banana,house,A
What is 36828 times 79515?,109177359550,2928378420,6810440613,7663269168,98272768,banana,house,B
What is 93687 times 79649?,5372442899,7462075863,76563058,8330160983,841629984624,banana,house,B
What is 85569 times 30051?,2571434019,2587311123,53660167,6497500232,697326940576,banana,house,A
What is 34755 times 99557?,147962938262,2867314129,3460103535,5721935443,94479981,banana,house,C
What is 24986 times 44781?,104373245446,1118898066,46848641,4990096341,9764441847,banana,house,B
What is 68944 times 68303?,207631484208,4385353237,4709082032,8095399111,94722539,banana,house,C
What is 14086 times 83611?,1177744546,365451070648,4146384188,4330452050,69228261,banana,house,A
What is 50501 times 89543?,1752056933,2848615498,342061784308,4522011043,59403047,banana,house,D
What is 95265 times 41596?,23654088,2376354767,243139862258,3962642940,8671467087,banana,house,D
What is 81606 times 59234?,14416599,3838370121,3880805201,444176020614,4833849804,banana,house,E
What is 85218 times 35863?,140130704721,3056173134,40597430,8339001712,9949129300,banana,house,B
What is 93760 times 15913?,1492002880,1794748159,45885192,682702401733,7702883921,banana,house,A
What is 87502 times 74359?,20880971,6278151781,6506561218,716878740673,8065512191,banana,house,C
What is 98291 times 14985?,1472890635,1778447899,7158204800,741245391079,95357804,banana,house,A
What is 28282 times 79793?,2256705626,2275396474,6520997534,72860884,751331646934,banana,house,A
What is 34498 times 73559?,1647314111,2537638382,4655771746,56431396,980361284191,banana,house,B
What is 58081 times 95194?,2998468872,5528962714,57647743,8689212949,889704747233,banana,house,B
What is 34738 times 40282?,1399316116,5342676240,6236071806,711055524180,93685004,banana,house,A
What is 24630 times 57404?,1413860520,2250334278,42084122,644056523055,7315522655,banana,house,A
What is 37036 times 24600?,1189899,382565939,777172473,911085600,92217610633,banana,house,D
What is 12764 times 39792?,121595926,13419806973,154386837,2782909,507905088,banana,house,E
What is 39108 times 89590?,1390020820,2287051540,3503685720,509500799580,75978076,banana,house,C
What is 84849 times 71367?,2876657706,6055418583,6218211123,77907996,913061605097,banana,house,B
What is 47740 times 40707?,1943352180,2432735502,387447422798,5033285708,50419441,banana,house,A
What is 93125 times 72752?,12825780,666045662955,6775030000,9128165414,9471645218,banana,house,C
What is 29375 times 40041?,1176204375,2692848913,3382007914,41271665,606580821881,banana,house,A
What is 95582 times 21173?,2023757686,3081141025,346448849546,51281758,5418857848,banana,house,A
What is 55703 times 54987?,2263656991,3062940861,674729955331,68356861,7588641079,banana,house,B
What is 64277 times 38142?,1225799146,2451653334,2906559795,32391091,676382062436,banana,house,B
What is 39218 times 30304?,1188462272,3067833423,386086031228,4230234918,51900966,banana,house,A
What is 41334 times 28429?,1122029639,1175084286,475176423417,60969693,8277371116,banana,house,B
What is 82042 times 52431?,155520785019,3650371608,4301544102,6421566614,85122924,banana,house,C
What is 31692 times 40884?,1295695728,2064521454,23344659,488713317366,9715049940,banana,house,A
What is 94896 times 46621?,22470378,358785341459,4134333691,4424146416,8807205663,banana,house,D
What is 96428 times 77659?,149728015998,6050137831,6263186955,7488502052,95331468,banana,house,D
What is 86846 times 85131?,5262333603,6497881941,7393286826,808282937935,81692201,banana,house,C
What is 18648 times 36460?,17557582155,254883557,5969226,679906080,987744701,banana,house,D
What is 63272 times 29632?,1874875904,353810813716,4794863712,64909646,8397085019,banana,house,A
What is 38391 times 56018?,2150587038,284936202950,4108869701,6414378112,73362712,banana,house,A
What is 52154 times 52215?,231208671042,2723221110,6115235512,8257038354,94605497,banana,house,B
What is 44752 times 25017?,1119560784,3397836957,378808837684,70410483,8072141674,banana,house,A
What is 83997 times 27696?,2326380912,4791777036,58403796,684702337224,7136560227,banana,house,A
What is 93130 times 57929?,102548745099,24272170,4018242412,5394927770,8038816287,banana,house,D
What is 77174 times 33659?,2597599666,484019421683,60081812,7218231749,7238953029,banana,house,A
What is 86219 times 95253?,2595298262,353330585019,35543227,7390231880,8212618407,banana,house,E
What is 72265 times 40219?,222387042784,2906426035,40950683,6159120580,7079423538,banana,house,B
What is 33692 times 22857?,413548011,5093075,523203769,74652301161,770098044,banana,house,E
What is 17870 times 95047?,1698489890,33047039,4710726706,5384019983,927947209508,banana,house,A
What is 80687 times 61451?,16670189,1931813889,2029619787,4958296837,543142349837,banana,house,D
What is 57051 times 51916?,2961859716,321634025120,49092203,7343928179,7430282958,banana,house,A
What is 61879 times 61571?,1617311011,3106685394,3809951909,63693625,671299820172,banana,house,C
What is 42395 times 49044?,1198336957,2079220380,38432988,742896724965,9606169156,banana,house,B
What is 36677 times 44933?,1648007641,5024414345,58834397,6974935645,779545366052,banana,house,A
What is 54035 times 61060?,27922492,3299377100,554541127043,6689371322,8742715063,banana,house,B
What is 69580 times 20625?,1435087500,194753474704,4829835371,74105930,9288433707,banana,house,A
What is 37331 times 66509?,2482847479,342404833777,5691186603,61999595,9870444446,banana,house,A
What is 34428 times 28667?,229216013,74055240343,853687910,8677108,986947476,banana,house,E
What is 55706 times 87294?,296439093038,4862799564,5582738085,6434595041,74309567,banana,house,B
What is 13161 times 46709?,342209186,466824043,4755522,614737149,64914942864,banana,house,D
What is 87174 times 69817?,28473318,3569270729,540063177313,6086227158,8284182571,banana,house,D
What is 29709 times 45812?,1361028708,138820459548,39633188,4889225847,8530287654,banana,house,A
What is 71040 times 87267?,5074084689,5622363754,6199447680,77124350,931035982897,banana,house,C
What is 36811 times 97073?,304535420718,3573354203,39662300,7989144370,9004752392,banana,house,B
What is 19732 times 24214?,2736358,477790648,587297214,640748983,64725629823,banana,house,B
What is 28608 times 60212?,1722544896,2880272825,54071522,7553905184,841911926455,banana,house,A
What is 25354 times 16274?,412610996,479315644,49566096580,836127005,8755463,banana,house,A
What is 49334 times 63991?,1008559484,3156931994,590889680654,7542614220,93244104,banana,house,B
What is 90823 times 98657?,3544267042,540867445584,6416137182,88572932,8960324711,banana,house,E
What is 95322 times 22999?,2192310678,5059063138,723340385320,7634113053,86966320,banana,house,A
What is 61600 times 80737?,2646184258,355239923397,4973399200,75757033,9083623565,banana,house,C
What is 91724 times 59173?,2656497410,27191357,364033593999,5427584252,9004096862,banana,house,D
What is 62825 times 11503?,119830097,58796178561,722675975,8597181,948692363,banana,house,C
What is 11465 times 43663?,109716956,42256770129,500596295,5625498,799148649,banana,house,C
What is 75602 times 85197?,1218552248,267143252316,52597635,5579860690,6441063594,banana,house,E
What is 81307 times 94629?,1562882253,739606265922,7430768898,7694000103,96081307,banana,house,D
What is 96072 times 75867?,176047608937,2726537711,6043046492,65599538,7288694424,banana,house,E
What is 64291 times 65888?,102752190352,2120864633,4236005408,4811991436,84124237,banana,house,C
What is 27184 times 83530?,1112233296,2270679520,50385722,5140450416,574112574720,banana,house,B
What is 20930 times 64163?,1342931590,2399092707,535650981306,85366409,8849433794,banana,house,A
What is 63639 times 34008?,2164235112,39312151,5520352644,8942723922,991396797782,banana,house,A
What is 79458 times 36359?,2138454068,2889013422,3451941148,884166161990,93567771,banana,house,B
What is 25519 times 34542?,2303322,524540251,63494607798,881477298,931511388,banana,house,D
What is 43401 times 85498?,3710698698,49794255,586050634951,7218193207,7690765393,banana,house,A
What is 37483 times 51301?,1922915383,5085333742,71339624,890384933374,9396828790,banana,house,A
What is 52197 times 49317?,2574199449,3012073983,3664231157,528957678301,68161987,banana,house,A
What is 52910 times 28569?,1511585790,650231584311,7068148285,73260279,8827395025,banana,house,A
What is 89192 times 20191?,1800875672,41179176,5481901346,8308570633,885462323688,banana,house,A
What is 25007 times 16031?,130854503,185027740,400887217,76868670019,8514510,banana,house,C
What is 71586 times 62654?,1224967834,125828755000,31495303,3871401225,4485149244,banana,house,E
What is 94980 times 42763?,282586042489,39149090,4061629740,4319890521,7142194698,banana,house,C
What is 27890 times 42536?,1186329040,13973468,1776002379,441889797563,6770970113,banana,house,A
What is 23294 times 31652?,379092220,460977144,737301688,7734712,96697951097,banana,house,C
What is 92012 times 24235?,1099592369,129293368153,2229910820,6845646459,96799641,banana,house,C
What is 85631 times 43104?,1454885255,3691038624,4796865583,545761973646,86395310,banana,house,B
What is 53686 times 44207?,2344951400,2373297002,2495265502,528536381683,69679254,banana,house,B
What is 51877 times 64489?,3345495853,3407321247,456224535573,7106647530,90794922,banana,house,A
What is 13423 times 88569?,1188861687,269612743465,59759664,6054122143,8769240495,banana,house,A
What is 17783 times 96978?,112262886759,1724559774,36371624,4119403982,5721582434,banana,house,B
What is 63128 times 23259?,1468294152,2285912094,4486330574,733630282294,78477800,banana,house,A
What is 91514 times 48015?,2944760704,4394044710,5286774320,65638876,733927253379,banana,house,B
What is 81718 times 24897?,1552313455,18036096,2034533046,3028987247,431819954762,banana,house,C
What is 85824 times 17712?,1520114688,3125772724,3821209775,40007274,566689328295,banana,house,A
What is 43279 times 65561?,2837414519,3638780995,689759633553,7561984969,79088218,banana,house,A
What is 13366 times 34822?,207910707,3386374,465430852,742950016,78063612252,banana,house,C
What is 90988 times 14873?,1353264524,20180858,2444592548,7440610018,863296965226,banana,house,A
What is 76461 times 91725?,2464031924,40854825,5088666917,7013385225,918484928059,banana,house,D
What is 70626 times 74699?,1872155049,22133336,5275691574,5426082774,831244767311,banana,house,C
What is 35388 times 31625?,11068419,1119145500,2291930285,391295197555,8273623250,banana,house,B
What is 27472 times 36901?,1013744272,14504064,4496360755,5001926460,708523989088,banana,house,A
What is 60690 times 57745?,3504544050,6253598941,677612299585,7641709833,85405074,banana,house,A
What is 18777 times 90673?,1702566921,22516924,4689004614,582259223468,6278636845,banana,house,A
What is 94510 times 47049?,39454983,4446600990,6999121348,869524863173,9150527999,banana,house,B
What is 51510 times 21087?,1086191370,2075079635,2802841885,310149367255,71256525,banana,house,A
What is 21297 times 33268?,342804123,3510470,400461513,708508596,72625761628,banana,house,D
What is 85029 times 30164?,2176294366,2564814756,40658610,5785225459,797191349602,banana,house,B
What is 36777 times 14906?,141971063,548197962,65447474508,6572947,925661791,banana,house,B
What is 78250 times 45506?,2928216289,3101842153,3560844500,46375987,529736268363,banana,house,C
What is 84050 times 74276?,2128333901,40491229,6242897800,8773936291,954651877743,banana,house,C
What is 33862 times 60316?,164116580101,2042420392,4048999384,5014532869,52939958,banana,house,B
What is 82282 times 93992?,1566195515,1868173836,259565155484,7733849744,89250636,banana,house,D
What is 19900 times 39425?,1512246,17301978088,322133539,598911724,784557500,banana,house,E
What is 38387 times 94974?,14681359,2283027436,252085493008,3645766938,5364006050,banana,house,D
What is 76040 times 69961?,1530394749,5319834440,6473472524,774811667838,86971056,banana,house,B
What is 67884 times 98334?,365088281821,6675305256,6942685114,8436788945,93812015,banana,house,B
What is 25658 times 59730?,1532552340,5057237212,566060249990,73464334,9760043705,banana,house,A
What is 35717 times 48788?,1742560996,22829160,680393101467,8382493264,9068738704,banana,house,A
What is 17255 times 63507?,1095813285,236935772772,31197371,9132836496,9288898291,banana,house,A
What is 23816 times 14667?,19500671426,349309272,6554474,847970161,983865059,banana,house,B
What is 62128 times 24407?,1516358096,6730287653,708670342935,73342678,8770913338,banana,house,A
What is 99769 times 54228?,178461222132,38313485,4240109519,5410273332,7929392002,banana,house,D
What is 24869 times 27094?,20821883672,258277065,673800686,752383307,9999279,banana,house,C
What is 11124 times 45392?,280980560,328090450,34166295814,504940608,6444259,banana,house,D
What is 43227 times 69108?,2987331516,48924039,490691660779,7957855575,8877181259,banana,house,A
What is 15646 times 75697?,1184355262,435223490296,5483504793,6684543867,87005456,banana,house,A
What is 41497 times 85959?,10147648,140353823997,3567040623,8591060151,9117217602,banana,house,C
What is 29144 times 60877?,1774199288,2320586529,4998933297,56355585,807293355668,banana,house,A
What is 27399 times 23800?,1309975,652096200,665191765,707393654,77737527792,banana,house,B
What is 70941 times 75374?,122461948622,1833201255,4775074320,5347106934,54254027,banana,house,D
What is 31337 times 86009?,1946653887,2695264033,478217440330,70239202,9187952680,banana,house,B
What is 28492 times 83971?,2321045619,2392501732,29355463,5882136683,592616261878,banana,house,B
What is 87062 times 92850?,1963600559,2605298518,43364359,8083706700,869400021409,banana,house,D
What is 56856 times 78165?,4255199201,4444149240,5369603494,633318124064,66698497,banana,house,B
What is 46079 times 33243?,1531804197,1588980791,21853072,4551106863,460435167451,banana,house,A
What is 49463 times 95376?,2505486858,29557927,429326365747,4717583088,6461296097,banana,house,D
What is 63429 times 19592?,1242700968,3968994377,62193650,687688841637,9668518013,banana,house,A
What is 22269 times 10462?,209832359,232978278,5140640,631241517,78247132148,banana,house,B
What is 73517 times 98911?,1994177133,7271639987,794213446564,8489435939,93192710,banana,house,B
What is 53890 times 22495?,11397034,1212255550,308077662045,8325314080,8682089735,banana,house,B
What is 74673 times 32536?,1170615579,2429560728,5539859450,95204633,966187436287,banana,house,B
What is 49106 times 11184?,1343941,31915470824,404708739,425769216,549201504,banana,house,E
What is 19872 times 68321?,1357674912,7681926865,931746171150,9395340758,95900301,banana,house,A
What is 50682 times 36212?,137899532321,1835296584,2717702325,58942485,6471335489,banana,house,B
What is 21113 times 30496?,117006373,19615671901,5215475,643862048,744340894,banana,house,D
What is 30901 times 79322?,2451129122,479841025932,7119657876,71367310,9490004230,banana,house,A
What is 60253 times 48464?,135006989584,2644117721,2920101392,37688319,3879628782,banana,house,C
What is 84528 times 46992?,21461136,2523286412,3972139776,5701300637,743746634003,banana,house,C
What is 85846 times 96476?,1142722557,221892912111,3561994482,50844761,8282078696,banana,house,E
What is 77523 times 71553?,3669069918,45774036,528634300997,5547003219,5997619153,banana,house,D
What is 70497 times 80538?,273002089029,4351892327,5677687386,5677877008,62092147,banana,house,C
What is 53758 times 13776?,34627165676,645641438,740570208,9678135,969320671,banana,house,C
What is 41162 times 28528?,1174269536,3716081044,574899960303,8618569786,93782883,banana,house,A
What is 92151 times 49997?,29933196,3107225068,4607273547,637940894902,8178679129,banana,house,C
What is 30575 times 43516?,1330501700,3596104382,370955499477,4072341649,97142095,banana,house,A
What is 40213 times 28119?,1130749347,2689764924,416305801741,7515545051,92455683,banana,house,A
What is 62979 times 12633?,3508613,483946970,525379245,74044203305,795613707,banana,house,E
What is 43068 times 58616?,2524473888,282638514568,7947698293,8311430395,99426305,banana,house,A
What is 60116 times 20940?,1258829040,1407024125,344670171208,47114487,9095930681,banana,house,A
What is 92396 times 78463?,1303282223,155537231840,7249667348,85213055,8579994207,banana,house,C
What is 34301 times 51948?,1726821111,1781868348,398253027520,9008878076,90471344,banana,house,B
What is 72301 times 67124?,17824156,260190766985,4853132324,5499090640,8441639338,banana,house,C
What is 44910 times 24228?,1088079480,2239621607,564522071991,60359316,7083794399,banana,house,A
What is 19218 times 61791?,1187499438,128858582945,43054609,5530351244,7029617230,banana,house,A
What is 67499 times 30998?,2092334002,61937436,6607407843,860088087090,9159460149,banana,house,A
What is 11339 times 56784?,4655778,643873776,871301261,92539738858,932559243,banana,house,B
What is 73001 times 79327?,5790950327,60499019,6195925054,6514301702,973509742741,banana,house,A
What is 89071 times 39394?,34888857,3508862974,7412237315,8421044439,947419075218,banana,house,B
What is 33100 times 43676?,1445675600,19680227,6020276822,7485197617,832458617059,banana,house,A
What is 74430 times 93942?,24174778,405627565952,4371442794,5916109591,6992103060,banana,house,E
What is 86444 times 90286?,657663939629,7673121564,7804682984,8919293224,98412110,banana,house,C
What is 19602 times 86392?,1693455984,3368363210,33824729,4668194317,606148536693,banana,house,A
What is 55480 times 62650?,142575811637,3475822000,4106792752,49499997,5139263714,banana,house,B
What is 83272 times 65756?,5228391882,533520153620,5475633632,5910011251,79955480,banana,house,C
What is 75970 times 44881?,31436745,3236110195,3409609570,5424675028,603696168358,banana,house,C
What is 19729 times 60748?,1198497292,19336610,301562439369,8469653550,9128528950,banana,house,A
What is 13357 times 54077?,219020625,30579472967,382217709,6953073,722306489,banana,house,E
What is 75840 times 13451?,1020123840,50182718,7447483585,8427054563,943808906170,banana,house,A
What is 73368 times 11016?,221962063,31470022520,551325637,7296953,808221888,banana,house,E
What is 12167 times 29786?,28813206111,357052043,362406262,4239744,812328531,banana,house,C
What is 74432 times 13972?,1039963904,327943180252,4299731884,7013064424,85135930,banana,house,A
What is 71895 times 80785?,28468168,323068699877,5808037575,7841449994,9354753399,banana,house,C
What is 52960 times 48616?,2574703360,31834820,439384603439,4705167829,4999139306,banana,house,A
What is 57106 times 81427?,4649970262,503418615164,7662863244,8783945481,90938760,banana,house,A
What is 28081 times 48026?,1348618106,17673556,4649608393,5501234579,964645706866,banana,house,A
What is 21489 times 12873?,276627897,528591026,69116417911,7396192,886703509,banana,house,A
What is 11662 times 58942?,1742761,55435013166,651377933,687381604,697166112,banana,house,D
What is 84549 times 30497?,2578490853,5660994185,661034419872,8049418561,80670309,banana,house,A
What is 42265 times 31374?,1326022110,1723960319,24402824,3100724819,694473758013,banana,house,A
What is 61181 times 62740?,379575369180,3838495940,4008825340,4514004515,80418974,banana,house,B
What is 90551 times 76308?,68317707,6909765708,7897570670,825249349173,9211840714,banana,house,B
What is 87263 times 96750?,197938846790,4000827022,4662016740,61529691,8442695250,banana,house,E
What is 19036 times 51409?,359095186,4698023,63162470664,698847999,978621724,banana,house,E
What is 93798 times 50056?,17039239,2211086218,423122330908,4695152688,6139875052,banana,house,D
What is 94274 times 28573?,2693691002,537233309625,55790970,8629453882,9344459086,banana,house,A
What is 66917 times 18457?,1235087069,61390542,6798752683,835759558354,9604327340,banana,house,A
What is 17541 times 58504?,1026218664,5174309958,701005947873,7132385457,73217654,banana,house,A
What is 30653 times 98612?,12288186,3022753636,3023235513,419770941325,8974366421,banana,house,B
What is 80938 times 13733?,1111521554,27964835,5936776296,649337074236,7865780085,banana,house,A
What is 36517 times 11642?,220073802,425130914,8169650,91039055412,984532239,banana,house,B
What is 49948 times 61808?,24186362,3087185984,419868632228,4458777526,8902306056,banana,house,B
What is 58743 times 95510?,2144197944,5610543930,6976717911,716000166548,84219885,banana,house,B
What is 48776 times 49757?,2426947432,4618816238,62581602,675022028358,9686790016,banana,house,A
What is 45865 times 23939?,1097962235,6900690255,87245078,8839545607,992221444551,banana,house,A
What is 69570 times 35821?,2492066970,5576836271,70664852,8014793519,806388206429,banana,house,A
What is 27175 times 79391?,21255851,2157450425,5640343455,813772491979,9288340525,banana,house,B
What is 12796 times 26399?,337801604,35154244709,4802892,773359086,947973112,banana,house,A
What is 73053 times 62783?,325483006290,4586486499,4844335164,7955660868,90822842,banana,house,B
What is 85738 times 69092?,218109521468,49660049,5923809896,8277174149,9192480720,banana,house,C
What is 79889 times 20510?,1638523390,45729728,5168801310,735822495891,7366645701,banana,house,A
What is 66657 times 24118?,1607633526,2478382309,340306075434,66260306,7379921008,banana,house,A
What is 47112 times 46613?,1214160632,2196031656,25824822,5546033669,744394725003,banana,house,B
What is 23277 times 60181?,1400833137,4720406507,74479428,9424142669,946806741984,banana,house,A
What is 69629 times 76103?,2026065931,331595109813,4481415390,5298975787,60906217,banana,house,D
What is 74504 times 36142?,2692723568,3218809926,50880270,560392408857,9869669782,banana,house,A
What is 86229 times 75552?,16194289,4240013309,5061811733,572638316131,6514773408,banana,house,E
What is 71961 times 82919?,26186010,2927346448,507984025159,5966934159,7107886213,banana,house,D
What is 65311 times 86660?,11995363,272111813071,5659851260,8359533607,9960508842,banana,house,C
What is 91088 times 81175?,49281958,519973751740,7394068400,8240250430,8597620281,banana,house,C
What is 46134 times 60675?,100181131407,2799180450,3945636476,5412029028,57136592,banana,house,B
What is 66560 times 93873?,152399501455,4923458173,6248186880,6984281072,83638524,banana,house,C
What is 14136 times 44124?,451955013,502108628,623736864,8875878,98884036461,banana,house,C
What is 76742 times 62438?,117404285739,30137542,3656691094,4791616996,8732767555,banana,house,D
What is 60445 times 55411?,247197716549,3349317895,3756089642,49849714,7235355255,banana,house,B
What is 93694 times 17367?,1010770501,1627183698,258678974218,48282892,9946300891,banana,house,B
What is 10167 times 59619?,19332863790,606146373,689967975,8838694,887583524,banana,house,B
What is 75480 times 13597?,1026301560,133462991402,8406392737,9565613282,96170353,banana,house,A
What is 96762 times 97890?,256284377612,3396741601,8728462765,91953140,9472032180,banana,house,E
What is 26302 times 20560?,2823509,40695435278,540769120,565742524,619058663,banana,house,C
What is 15337 times 44763?,42244221888,518303806,6754000,686530131,847827336,banana,house,D
What is 62067 times 57814?,3316631273,3588341538,4099992868,558144734140,64542263,banana,house,B
What is 56919 times 81541?,31970585,4641232179,6259851903,8724594395,933941302939,banana,house,B
What is 30069 times 15049?,12941439708,2056311,452508381,503891813,683227742,banana,house,C
What is 28268 times 23169?,122457404,355133483,654941292,7098627,92618947126,banana,house,C
What is 85185 times 44109?,3349689476,3757425165,63220893,8280203889,928955766235,banana,house,B
What is 98099 times 83206?,50532231,5919673442,614282216688,8162425394,8285343280,banana,house,D
What is 84241 times 49648?,223687287260,4182397168,48268098,4974869304,6629634262,banana,house,B
What is 97900 times 71223?,61742505,6912543493,6972731700,761261691930,8828430555,banana,house,C
What is 62223 times 34356?,1376054720,2137733388,301588523640,5198119380,88342332,banana,house,B
What is 91337 times 58955?,1042476722,143302327139,5384772835,61616675,7817261310,banana,house,C
What is 35469 times 27644?,209897437,7577854,82177137229,962142739,980505036,banana,house,E
What is 10601 times 82904?,261103540,593427965,7349961,77297482453,878865304,banana,house,E
What is 98953 times 14442?,1429079226,3918554632,396432329100,90892942,9915040388,banana,house,A
What is 54776 times 92141?,3192944084,35048255,5047115416,757484130475,9136909214,banana,house,C
What is 41860 times 11285?,1555411,238613342,391058651,472390100,59655585496,banana,house,D
What is 86770 times 18050?,1566198500,186376329529,40503306,5982497165,8609982263,banana,house,A
What is 82071 times 67476?,34922144,401445574362,5537822796,7060766821,9062766976,banana,house,C
What is 24086 times 30527?,13124866502,518302203,648280468,6626207,735273322,banana,house,E
What is 42555 times 77672?,1234550944,2341082060,3305331960,86097967,986283411842,banana,house,C
What is 86150 times 89225?,1802138863,6073675245,7686733750,856679434962,88560931,banana,house,C
What is 45566 times 43397?,1977427702,2132402531,21506268,481616727845,7012810237,banana,house,A
What is 85189 times 92516?,1549579246,61667458,7833025787,7881345524,841745028224,banana,house,D
What is 46365 times 80829?,2660672840,3369710124,3747636585,482973717812,85271125,banana,house,C
What is 54231 times 87070?,1942215115,19981591,227969923724,4721893170,5805308144,banana,house,D
What is 73261 times 32342?,160880648162,2369407262,2477770938,6494712284,78685384,banana,house,B
What is 79097 times 93685?,2777734091,666676938820,70650671,7410202445,9754256509,banana,house,D
What is 10275 times 78980?,219161107,41525649613,4350838,630885622,811519500,banana,house,E
What is 77930 times 50229?,168316652387,1842886615,30800935,3914345970,9515521451,banana,house,D
What is 56920 times 70853?,4032952760,58831180,6253925483,944256187712,9844103660,banana,house,A
What is 59026 times 86080?,304989089777,3053755802,5080958080,6097261380,76101662,banana,house,C
What is 72846 times 95739?,19328821,4896407278,584165217902,6974203194,9597820720,banana,house,D
What is 28795 times 21261?,31694715036,344712026,612210495,797317252,9055116,banana,house,C
What is 66508 times 19349?,1286863292,5691614595,6939570357,73759274,998425090586,banana,house,A
What is 75214 times 17010?,1279390140,1648843140,20638226,8432923979,963451028122,banana,house,A
What is 31709 times 64764?,1695892620,2053601676,37713016,701352386470,9661038671,banana,house,B
What is 37066 times 34463?,1277405558,360176977761,4046976391,5667151475,95540193,banana,house,A
What is 80243 times 43450?,203033154121,3486558350,43274275,4621777274,8653848836,banana,house,B
What is 98777 times 18981?,1719439507,1874886237,349450297538,41033174,5525621693,banana,house,B
What is 87086 times 70640?,2981327592,4213456940,50620877,6151755040,655048968651,banana,house,D
What is 71476 times 97894?,1029549288,4850627294,6997071544,74979962,842227870656,banana,house,C
What is 70148 times 90821?,6370911508,7128497634,72078912,961269246664,9737874336,banana,house,A
What is 58267 times 29553?,1281917433,1721964651,2602441193,345105634276,80259021,banana,house,B
What is 26061 times 70365?,1833782265,26300293,6416613984,743365270417,8061482723,banana,house,A
What is 57007 times 43128?,15563206,1957416451,2458597896,508774401093,6412508190,banana,house,C
What is 82929 times 95534?,1273008559,215172337607,3604121447,7922539086,95014117,banana,house,D
What is 68159 times 22583?,1539234697,458781943060,46701083,5280503909,8148557274,banana,house,A
What is 41901 times 20511?,464588416,65078388093,746197865,8270479,859431411,banana,house,E
What is 11456 times 83284?,3260398,45814482502,581644335,900427348,954101504,banana,house,E
What is 75459 times 74999?,231198382062,2419900289,5659349541,78642117,9475228296,banana,house,C
What is 68975 times 66999?,2583020781,27365013,3306002042,4621256025,616578772076,banana,house,D
What is 78687 times 20445?,1608755715,225203250719,4077060338,5019628177,67327320,banana,house,A
What is 89634 times 78185?,66560180,7008034290,8687035265,944307432988,9582447394,banana,house,B
What is 36415 times 21798?,21488471048,2490833,549925535,701077620,793774170,banana,house,E
What is 60898 times 47679?,16329592,2903555742,3645190427,399068531913,5376107740,banana,house,B
What is 46457 times 54720?,13352340,1776559037,2542127040,8262865595,861842998032,banana,house,C
What is 65806 times 18546?,1058734940,1220438076,32004738,452059761134,9585885210,banana,house,B
What is 31156 times 45225?,1409030100,26018269,338797988989,8981505720,9256487788,banana,house,A
What is 18167 times 60164?,1092999388,3491220694,488605617539,81007599,8736023599,banana,house,A
What is 35247 times 54588?,1875234668,1924063236,37982666,831559294163,8412582406,banana,house,B
What is 88966 times 57358?,1487261916,1819363648,19285283,5102911828,889858664631,banana,house,D
What is 63539 times 88329?,1572879084,2152788438,34615225,556451339991,5612336331,banana,house,E
What is 84312 times 38755?,3267511560,5824558993,6801401006,707721900470,92830038,banana,house,A
What is 77697 times 35576?,2764148472,40868255,5524915288,722443765382,8833136556,banana,house,A
What is 75235 times 25825?,1942943875,2172492001,411025450772,52458867,7977408173,banana,house,A
What is 56562 times 57104?,2120235254,3229916448,37270015,396113789954,4151640580,banana,house,B
What is 73824 times 66700?,101315202804,45751943,4924060800,7019139112,8478301973,banana,house,C
What is 64764 times 61518?,39094680,3984151752,5937036420,663334473153,8420218744,banana,house,B
What is 34749 times 62020?,19857193,2155132980,3376477475,3499120248,809090692302,banana,house,B
What is 97629 times 80897?,13915837,1706187909,3101752947,490027275750,7897893213,banana,house,E
What is 66105 times 92198?,4548108312,6094748790,689282158282,8072770904,99334889,banana,house,B
What is 66206 times 97428?,174859662740,20230060,4151039967,5823637708,6450318168,banana,house,E
What is 86228 times 24160?,17947270,2083268480,553936183504,8203575663,8934252467,banana,house,B
What is 87677 times 53598?,422321899101,4699311846,51663590,9441700901,9913444771,banana,house,B
What is 94420 times 74748?,14807617,6331397985,7057706160,9196202172,985774964933,banana,house,C
What is 25852 times 77186?,1995412472,2259619997,2665670746,34500794,445858163793,banana,house,A
What is 56481 times 63267?,3573383427,4914132717,6283507492,64710973,829664511841,banana,house,A
What is 10641 times 34086?,339516319,3463038,362709126,460354546,74822859417,banana,house,C
What is 92659 times 85200?,1453616716,3824446298,729361205122,7894546800,84911165,banana,house,D
What is 19096 times 42489?,10318671351,129369839,6411209,811369944,972616277,banana,house,D
What is 30320 times 69424?,196726699329,2104935680,5370738829,96040977,9958777077,banana,house,B
What is 44766 times 70260?,28869537,3145259160,340099589346,6724444748,9810184153,banana,house,B
What is 14614 times 87430?,1277702020,6392694593,64220728,666717427462,9445878844,banana,house,A
What is 79031 times 54138?,4278580278,6143125338,8413635836,96326091,977829026845,banana,house,A
What is 45889 times 52579?,2412797731,3173240081,329681318184,44721091,7917008472,banana,house,A
What is 42544 times 38784?,10925591,1179679407,1650026496,5024947275,599386224194,banana,house,C
What is 22988 times 59957?,1378291516,1651018241,48174888,8162355327,817248958401,banana,house,A
What is 33146 times 57968?,10522963,1921407328,194955761072,2237489502,9972866228,banana,house,B
What is 27833 times 87027?,2422222491,2477279851,5516421173,652858892300,99091491,banana,house,A
What is 23383 times 80173?,1874685259,556760946953,5714673420,61864300,8114998808,banana,house,A
What is 64736 times 95371?,14995538,386180872309,5485782009,6173937056,6310323670,banana,house,D
What is 40893 times 93917?,379521085082,3840547881,59308651,8127986461,9268948745,banana,house,B
What is 40933 times 58986?,2414473938,390950114169,5125522454,57180732,8988826688,banana,house,A
What is 66100 times 31673?,140316885470,1541256845,2093585300,64296700,6585706285,banana,house,C
What is 17391 times 90126?,1567381266,202726320399,3478888008,7386442172,87248798,banana,house,A
What is 94729 times 30202?,209757387032,2634667717,2861005258,3604795680,60133309,banana,house,C
What is 58338 times 23268?,1357408584,161406296374,2277917194,9024403829,93506946,banana,house,A
What is 17562 times 50740?,647168839,67274051620,750083476,7737955,891095880,banana,house,E
What is 11020 times 82361?,368456981,515143603,7189931,907618220,92773190770,banana,house,D
What is 51143 times 59523?,3044184789,569734397439,58393142,8836196843,9407604045,banana,house,A
What is 18715 times 31029?,1289848,364051284,413243428,55946287502,580707735,banana,house,E
What is 27498 times 33428?,128235844,5928150,757527059,919203144,96008246808,banana,house,D
What is 21732 times 56833?,1235094756,2848781189,5405027822,89668389,992142988495,banana,house,A
What is 45430 times 32369?,1099837896,1470523670,28347958,305200730160,5764090522,banana,house,B
What is 15521 times 87607?,1359748247,2098485751,2290893211,35156381,667040674466,banana,house,A
What is 28013 times 48943?,1371040259,5281364215,665765130266,6838817044,71144453,banana,house,A
What is 72211 times 37656?,2240439155,2719177416,2915148746,37907096,886148562338,banana,house,B
What is 69894 times 39608?,19220012,2768361552,587483672996,6205243101,6649523704,banana,house,B
What is 71125 times 43299?,2545445688,3079641375,452887647326,58787477,7776932238,banana,house,B
What is 79928 times 51783?,4138911624,4729112585,53435173,8768199216,910182898038,banana,house,A
What is 91051 times 84781?,24143243,2462743465,421991232635,6647553532,7719394831,banana,house,E
What is 42524 times 65181?,2240950598,239556696378,2771756844,4992490053,83498096,banana,house,C
What is 47605 times 40839?,1944140595,391418286497,4137968987,67201809,8545338800,banana,house,A
What is 95240 times 25576?,2435858240,4170200734,58692921,6576632142,987969292026,banana,house,A
What is 16528 times 84419?,1395277232,1825084939,54554655,635580416450,8650187487,banana,house,A
What is 85231 times 99509?,1209416750,320881698168,83255838,8481251579,9661790302,banana,house,D
What is 85079 times 54532?,4639528028,56601516,6722266808,7530849832,787223748040,banana,house,A
What is 52024 times 96550?,3771650862,5022917200,56168592,629307184489,7885077472,banana,house,B
What is 16018 times 43323?,18102830218,541212629,609074015,693947814,9428254,banana,house,D
What is 89725 times 82453?,3355273359,486779863730,51988974,7398095425,8988834665,banana,house,D
What is 22814 times 78923?,1129540050,1800549322,496693474725,6313656585,71442553,banana,house,B
What is 44319 times 93160?,1227151623,33811587,4128758040,471898978391,9211026472,banana,house,C
What is 12695 times 41495?,316052807,42537948769,526779025,776127249,8177544,banana,house,C
What is 59913 times 81294?,1152487889,130594009306,23773169,4870567422,6260988679,banana,house,D
What is 45235 times 55328?,2502762080,533904682866,62205029,8006764304,9766825106,banana,house,A
What is 57118 times 34584?,1914641746,1975368912,552788275704,9189538819,93245718,banana,house,B
What is 67281 times 35866?,2413100346,53384486,5526309251,5828767847,596038552598,banana,house,A
What is 34926 times 85365?,2981457990,311723739461,5466440761,6835960583,95581556,banana,house,A
What is 64561 times 34401?,1828688601,2220962961,4459372544,791436061917,90603634,banana,house,B
What is 37736 times 19675?,17380593888,2248378,266997211,742455800,849534140,banana,house,D
What is 82786 times 26300?,1174771697,128123985872,2177271800,73255120,7625866719,banana,house,C
What is 14405 times 68476?,636298367,84745084123,895358738,9665768,986396780,banana,house,E
What is 69360 times 11423?,547012819,69878062986,7468742,792299280,844729210,banana,house,D
What is 76760 times 96612?,198518546150,36339331,4998362151,7415937120,7472759900,banana,house,D
What is 66825 times 52001?,3331858014,3474966825,40219998,687975961440,9729430303,banana,house,B
What is 18654 times 97009?,156991821778,1809605886,24506505,4204610947,6067753139,banana,house,B
What is 57177 times 49961?,2856620097,3559481425,6495001186,759349049082,93438630,banana,house,A
What is 78310 times 44760?,3092275661,3505155600,59327697,670035183389,9056076201,banana,house,B
What is 11663 times 21844?,254766572,461048340,4895221,80303110233,979564626,banana,house,A
What is 46873 times 84849?,14734409,2774722491,298446691669,3977127177,4716564100,banana,house,D
What is 39443 times 14626?,111716041,274370826,2873201,29792571256,576893318,banana,house,E
What is 59758 times 96035?,2712163854,4629920918,5738859530,655034822898,75927890,banana,house,C
What is 56510 times 52373?,16619555,204563610029,2959598230,6856058598,8256942891,banana,house,C
What is 92044 times 81288?,22305793,273090904195,7482072672,9155049253,9267938185,banana,house,C
What is 60619 times 64958?,2312878566,3937689002,5890035976,626109766845,65284136,banana,house,B
What is 10406 times 43709?,10372897738,2506474,454835854,775840760,923925614,banana,house,C
What is 75702 times 15278?,1156575156,4810832829,533220347670,96467712,9819106566,banana,house,A
What is 46114 times 90992?,1442798882,4196005088,626515861938,9276629563,98097408,banana,house,B
What is 43902 times 78953?,3466194606,45690160,508621713417,7840338299,9349262040,banana,house,A
What is 29671 times 74442?,177029662011,1922545661,2208768582,7198279994,88406914,banana,house,C
What is 10875 times 57545?,347922046,625801875,67372696885,8412007,933322347,banana,house,B
What is 55097 times 60449?,2105285805,3330558553,51257373,6189916516,707938345846,banana,house,B
What is 89676 times 19723?,13287077,1768679748,3652778100,375601594511,4233821050,banana,house,B
What is 33195 times 12907?,177591979,3223747,428447865,72059027215,948401765,banana,house,C
What is 59217 times 13680?,3228857,517811265,527207119,59745102298,810088560,banana,house,E
What is 71716 times 81308?,2281316778,23038097,5831084528,7323675917,903714357100,banana,house,C
What is 75921 times 50716?,1750108682,3850409436,7447910244,74970064,911632051900,banana,house,B
What is 32992 times 73741?,2100401568,2432863072,3711426033,623384923030,98499286,banana,house,B
What is 83010 times 83835?,3884048776,577216890948,6165085672,6959143350,74408372,banana,house,D
What is 19187 times 92651?,1777694737,3763215129,521562851837,9475427046,94937322,banana,house,A
What is 40870 times 79613?,2325171182,3253783310,51134424,5840014930,810174572715,banana,house,B
What is 55109 times 10417?,36676073059,5013965,574070453,599940718,734081190,banana,house,C
What is 16024 times 89092?,1427610208,17985681,3046961709,5964367856,775564718746,banana,house,A
What is 68432 times 92180?,3857223655,51047117,6308061760,6487644177,985663221307,banana,house,C
What is 96361 times 48606?,4683722766,6939688933,724223040736,7360649650,86406533,banana,house,A
What is 25890 times 42689?,1062120724,1105218210,1423467495,59974046,890984406174,banana,house,B
What is 19701 times 91923?,1310372266,1810975023,3281226105,36227307,978001454056,banana,house,B
What is 83517 times 79046?,354146399367,6601684782,7063539368,9732066667,98204528,banana,house,B
What is 29417 times 41086?,1208626862,1434309226,43071149,742770177499,9326839759,banana,house,A
What is 53080 times 31633?,1679079640,6036521963,8387715240,87225688,974809045539,banana,house,A
What is 47508 times 57395?,1897791315,2726721660,2930966128,698727582812,73034737,banana,house,B
What is 96386 times 23463?,160937086205,2261504718,3017878950,5975064741,74546230,banana,house,B
What is 76993 times 22965?,1768144245,2191418543,2256429596,39908514,492727249183,banana,house,A
What is 67439 times 46136?,3111365704,60210732,816672357149,8218206394,8338325092,banana,house,A
What is 26050 times 67880?,1021740130,1768274000,3754491436,64556270,865958859315,banana,house,B
What is 44370 times 76554?,3396700980,511605393909,6879251501,7251572905,81227635,banana,house,A
What is 83850 times 19640?,1646814000,55065320,7101876075,841465919574,8650659355,banana,house,A
What is 22184 times 67481?,1496998504,20273058,2076117231,339523263239,7690352725,banana,house,A
What is 66907 times 16944?,1133672208,293137436975,4825254659,5694592972,74922445,banana,house,A
